,Date,Time,PM10,PM2.5,SO2,CO,O3,NO2,Max,Critical Component,Category
0,1/1/2021,00:00:00,13.0,40.0,0.0,25.0,0.0,0.0,40,PM2.5,Good
1,1/1/2021,01:00:00,12.0,38.0,0.0,24.0,0.0,0.0,38,PM2.5,Good
2,1/1/2021,02:00:00,11.0,35.0,0.0,23.0,0.0,0.0,35,PM2.5,Good
3,1/1/2021,03:00:00,10.0,32.0,0.0,22.0,0.0,0.0,32,PM2.5,Good
4,1/1/2021,04:00:00,9.0,29.0,0.0,21.0,0.0,0.0,29,PM2.5,Good
5,1/1/2021,05:00:00,8.0,26.0,0.0,20.0,0.0,0.0,26,PM2.5,Good
6,1/1/2021,06:00:00,8.0,24.0,0.0,20.0,0.0,0.0,24,PM2.5,Good
7,1/1/2021,07:00:00,7.0,23.0,0.0,20.0,0.0,0.0,23,PM2.5,Good
8,1/1/2021,08:00:00,7.0,23.0,0.0,21.0,0.0,0.0,23,PM2.5,Good
9,1/1/2021,09:00:00,7.0,23.0,0.0,21.0,0.0,0.0,23,PM2.5,Good
10,1/1/2021,10:00:00,7.0,22.0,0.0,21.0,0.0,0.0,22,PM2.5,Good
11,1/1/2021,11:00:00,7.0,21.0,0.0,21.0,0.0,0.0,21,PM2.5,Good
12,1/1/2021,12:00:00,7.0,20.0,0.0,20.0,0.0,0.0,20,PM2.5,Good
13,1/1/2021,13:00:00,6.0,19.0,0.0,20.0,0.0,0.0,20,CO,Good
14,1/1/2021,14:00:00,6.0,18.0,0.0,20.0,0.0,0.0,20,CO,Good
15,1/1/2021,15:00:00,6.0,18.0,0.0,20.0,0.0,0.0,20,CO,Good
16,1/1/2021,16:00:00,6.0,17.0,0.0,20.0,0.0,0.0,20,CO,Good
17,1/1/2021,17:00:00,6.0,18.0,0.0,20.0,0.0,0.0,20,CO,Good
18,1/1/2021,18:00:00,6.0,18.0,0.0,20.0,0.0,0.0,20,CO,Good
19,1/1/2021,19:00:00,6.0,18.0,0.0,20.0,0.0,0.0,20,CO,Good
20,1/1/2021,20:00:00,6.0,18.0,0.0,20.0,0.0,0.0,20,CO,Good
21,1/1/2021,21:00:00,6.0,18.0,0.0,20.0,0.0,0.0,20,CO,Good
22,1/1/2021,22:00:00,6.0,18.0,0.0,20.0,0.0,0.0,20,CO,Good
23,1/1/2021,23:00:00,6.0,19.0,0.0,20.0,0.0,0.0,20,CO,Good
24,1/2/2021,00:00:00,13.0,40.0,0.0,25.0,0.0,0.0,40,PM2.5,Good
25,1/2/2021,01:00:00,12.0,38.0,0.0,24.0,0.0,0.0,38,PM2.5,Good
26,1/2/2021,02:00:00,11.0,35.0,0.0,23.0,0.0,0.0,35,PM2.5,Good
27,1/2/2021,03:00:00,10.0,32.0,0.0,22.0,0.0,0.0,32,PM2.5,Good
28,1/2/2021,04:00:00,9.0,29.0,0.0,21.0,0.0,0.0,29,PM2.5,Good
29,1/2/2021,05:00:00,8.0,26.0,0.0,20.0,0.0,0.0,26,PM2.5,Good
30,1/2/2021,06:00:00,8.0,24.0,0.0,20.0,0.0,0.0,24,PM2.5,Good
31,1/2/2021,07:00:00,7.0,23.0,0.0,20.0,0.0,0.0,23,PM2.5,Good
32,1/2/2021,08:00:00,7.0,23.0,0.0,21.0,0.0,0.0,23,PM2.5,Good
33,1/2/2021,09:00:00,7.0,23.0,0.0,21.0,0.0,0.0,23,PM2.5,Good
34,1/2/2021,10:00:00,7.0,22.0,0.0,21.0,0.0,0.0,22,PM2.5,Good
35,1/2/2021,11:00:00,7.0,21.0,0.0,21.0,0.0,0.0,21,PM2.5,Good
36,1/2/2021,12:00:00,7.0,20.0,0.0,20.0,0.0,0.0,20,PM2.5,Good
37,1/2/2021,13:00:00,6.0,19.0,0.0,20.0,0.0,0.0,20,CO,Good
38,1/2/2021,14:00:00,6.0,18.0,0.0,20.0,0.0,0.0,20,CO,Good
39,1/2/2021,15:00:00,6.0,18.0,0.0,20.0,0.0,0.0,20,CO,Good
40,1/2/2021,16:00:00,6.0,17.0,0.0,20.0,0.0,0.0,20,CO,Good
41,1/2/2021,17:00:00,6.0,18.0,0.0,20.0,0.0,0.0,20,CO,Good
42,1/2/2021,18:00:00,6.0,18.0,0.0,20.0,0.0,0.0,20,CO,Good
43,1/2/2021,19:00:00,6.0,18.0,0.0,20.0,0.0,0.0,20,CO,Good
44,1/2/2021,20:00:00,6.0,18.0,0.0,20.0,0.0,0.0,20,CO,Good
45,1/2/2021,21:00:00,6.0,18.0,0.0,20.0,0.0,0.0,20,CO,Good
46,1/2/2021,22:00:00,6.0,18.0,0.0,20.0,0.0,0.0,20,CO,Good
47,1/2/2021,23:00:00,6.0,19.0,0.0,20.0,0.0,0.0,20,CO,Good
48,1/3/2021,00:00:00,6.0,19.0,1.0,21.0,0.0,0.0,21,CO,Good
49,1/3/2021,01:00:00,6.0,19.0,1.0,22.0,0.0,0.0,22,CO,Good
50,1/3/2021,02:00:00,7.0,21.0,1.0,23.0,0.0,0.0,23,CO,Good
51,1/3/2021,03:00:00,7.0,23.0,1.0,24.0,0.0,0.0,24,CO,Good
52,1/3/2021,04:00:00,8.0,24.0,1.0,24.0,0.0,0.0,24,PM2.5,Good
53,1/3/2021,05:00:00,8.0,26.0,1.0,24.0,0.0,0.0,26,PM2.5,Good
54,1/3/2021,06:00:00,9.0,27.0,1.0,25.0,0.0,0.0,27,PM2.5,Good
55,1/3/2021,07:00:00,10.0,30.0,1.0,25.0,0.0,0.0,30,PM2.5,Good
56,1/3/2021,08:00:00,10.0,32.0,1.0,25.0,0.0,0.0,32,PM2.5,Good
57,1/3/2021,09:00:00,10.0,32.0,1.0,25.0,0.0,0.0,32,PM2.5,Good
58,1/3/2021,10:00:00,10.0,32.0,1.0,25.0,0.0,0.0,32,PM2.5,Good
59,1/3/2021,11:00:00,10.0,33.0,1.0,25.0,0.0,0.0,33,PM2.5,Good
60,1/3/2021,12:00:00,10.0,33.0,1.0,25.0,0.0,0.0,33,PM2.5,Good
61,1/3/2021,13:00:00,10.0,33.0,1.0,25.0,0.0,0.0,33,PM2.5,Good
62,1/3/2021,14:00:00,10.0,33.0,1.0,25.0,0.0,0.0,33,PM2.5,Good
63,1/3/2021,15:00:00,10.0,33.0,1.0,25.0,0.0,0.0,33,PM2.5,Good
64,1/3/2021,16:00:00,10.0,33.0,1.0,25.0,0.0,0.0,33,PM2.5,Good
65,1/3/2021,17:00:00,10.0,32.0,1.0,25.0,0.0,0.0,32,PM2.5,Good
66,1/3/2021,18:00:00,10.0,32.0,1.0,25.0,0.0,0.0,32,PM2.5,Good
67,1/3/2021,19:00:00,10.0,33.0,1.0,25.0,0.0,0.0,33,PM2.5,Good
68,1/3/2021,20:00:00,11.0,35.0,1.0,25.0,0.0,0.0,35,PM2.5,Good
69,1/3/2021,21:00:00,11.0,36.0,1.0,25.0,0.0,0.0,36,PM2.5,Good
70,1/3/2021,22:00:00,11.0,37.0,1.0,25.0,0.0,0.0,37,PM2.5,Good
71,1/3/2021,23:00:00,12.0,38.0,1.0,25.0,0.0,0.0,38,PM2.5,Good
72,1/4/2021,00:00:00,12.0,39.0,1.0,24.0,0.0,0.0,39,PM2.5,Good
73,1/4/2021,01:00:00,12.0,38.0,1.0,23.0,0.0,0.0,38,PM2.5,Good
74,1/4/2021,02:00:00,12.0,37.0,1.0,23.0,0.0,0.0,37,PM2.5,Good
75,1/4/2021,03:00:00,11.0,36.0,1.0,22.0,0.0,0.0,36,PM2.5,Good
76,1/4/2021,04:00:00,11.0,36.0,1.0,22.0,0.0,0.0,36,PM2.5,Good
77,1/4/2021,05:00:00,11.0,34.0,1.0,21.0,0.0,0.0,34,PM2.5,Good
78,1/4/2021,06:00:00,11.0,34.0,0.0,21.0,0.0,0.0,34,PM2.5,Good
79,1/4/2021,07:00:00,10.0,31.0,0.0,20.0,0.0,0.0,31,PM2.5,Good
80,1/4/2021,08:00:00,9.0,29.0,0.0,20.0,0.0,0.0,29,PM2.5,Good
81,1/4/2021,09:00:00,10.0,31.0,0.0,21.0,0.0,0.0,31,PM2.5,Good
82,1/4/2021,10:00:00,10.0,33.0,0.0,21.0,0.0,0.0,33,PM2.5,Good
83,1/4/2021,11:00:00,10.0,33.0,0.0,21.0,0.0,0.0,33,PM2.5,Good
84,1/4/2021,12:00:00,10.0,33.0,0.0,21.0,0.0,0.0,33,PM2.5,Good
85,1/4/2021,13:00:00,11.0,33.0,0.0,21.0,0.0,0.0,33,PM2.5,Good
86,1/4/2021,14:00:00,11.0,34.0,0.0,21.0,0.0,0.0,34,PM2.5,Good
87,1/4/2021,15:00:00,11.0,34.0,0.0,22.0,0.0,0.0,34,PM2.5,Good
88,1/4/2021,16:00:00,11.0,34.0,0.0,22.0,0.0,0.0,34,PM2.5,Good
89,1/4/2021,17:00:00,11.0,34.0,0.0,22.0,0.0,0.0,34,PM2.5,Good
90,1/4/2021,18:00:00,11.0,34.0,0.0,22.0,0.0,0.0,34,PM2.5,Good
91,1/4/2021,19:00:00,10.0,34.0,0.0,22.0,0.0,0.0,34,PM2.5,Good
92,1/4/2021,20:00:00,9.0,33.0,0.0,21.0,0.0,0.0,33,PM2.5,Good
93,1/4/2021,21:00:00,8.0,32.0,0.0,22.0,0.0,0.0,32,PM2.5,Good
94,1/4/2021,22:00:00,8.0,33.0,0.0,22.0,0.0,0.0,33,PM2.5,Good
95,1/4/2021,23:00:00,7.0,33.0,0.0,21.0,0.0,0.0,33,PM2.5,Good
96,1/5/2021,00:00:00,6.0,31.0,0.0,21.0,0.0,0.0,31,PM2.5,Good
97,1/5/2021,01:00:00,6.0,31.0,0.0,21.0,0.0,0.0,31,PM2.5,Good
98,1/5/2021,02:00:00,6.0,32.0,0.0,21.0,0.0,0.0,32,PM2.5,Good
99,1/5/2021,03:00:00,6.0,32.0,0.0,21.0,0.0,0.0,32,PM2.5,Good
100,1/5/2021,04:00:00,5.0,33.0,0.0,21.0,0.0,0.0,33,PM2.5,Good
101,1/5/2021,05:00:00,5.0,34.0,0.0,21.0,0.0,0.0,34,PM2.5,Good
102,1/5/2021,06:00:00,5.0,35.0,0.0,21.0,0.0,0.0,35,PM2.5,Good
103,1/5/2021,07:00:00,5.0,37.0,0.0,21.0,0.0,0.0,37,PM2.5,Good
104,1/5/2021,08:00:00,4.0,38.0,0.0,21.0,0.0,0.0,38,PM2.5,Good
105,1/5/2021,09:00:00,3.0,38.0,0.0,21.0,0.0,0.0,38,PM2.5,Good
106,1/5/2021,10:00:00,3.0,37.0,0.0,21.0,0.0,0.0,37,PM2.5,Good
107,1/5/2021,11:00:00,3.0,37.0,0.0,21.0,0.0,0.0,37,PM2.5,Good
108,1/5/2021,12:00:00,3.0,37.0,0.0,21.0,0.0,0.0,37,PM2.5,Good
109,1/5/2021,13:00:00,3.0,36.0,0.0,21.0,0.0,0.0,36,PM2.5,Good
110,1/5/2021,14:00:00,2.0,36.0,0.0,20.0,1.0,0.0,36,PM2.5,Good
111,1/5/2021,15:00:00,3.0,38.0,0.0,21.0,1.0,0.0,38,PM2.5,Good
112,1/5/2021,16:00:00,3.0,39.0,0.0,21.0,1.0,0.0,39,PM2.5,Good
113,1/5/2021,17:00:00,3.0,40.0,0.0,21.0,1.0,0.0,40,PM2.5,Good
114,1/5/2021,18:00:00,4.0,42.0,0.0,21.0,2.0,0.0,42,PM2.5,Good
115,1/5/2021,19:00:00,5.0,42.0,0.0,21.0,4.0,0.0,42,PM2.5,Good
116,1/5/2021,20:00:00,6.0,43.0,0.0,22.0,5.0,0.0,43,PM2.5,Good
117,1/5/2021,21:00:00,7.0,44.0,0.0,22.0,7.0,0.0,44,PM2.5,Good
118,1/5/2021,22:00:00,8.0,47.0,0.0,22.0,8.0,0.0,47,PM2.5,Good
119,1/5/2021,23:00:00,10.0,50.0,0.0,22.0,9.0,0.0,50,PM2.5,Good
120,1/6/2021,00:00:00,11.0,52.0,0.0,23.0,10.0,0.0,52,PM2.5,Moderate
121,1/6/2021,01:00:00,13.0,53.0,0.0,23.0,11.0,0.0,53,PM2.5,Moderate
122,1/6/2021,02:00:00,14.0,55.0,0.0,24.0,13.0,0.0,55,PM2.5,Moderate
123,1/6/2021,03:00:00,15.0,56.0,0.0,24.0,13.0,0.0,56,PM2.5,Moderate
124,1/6/2021,04:00:00,17.0,57.0,0.0,24.0,14.0,0.0,57,PM2.5,Moderate
125,1/6/2021,05:00:00,18.0,58.0,0.0,24.0,15.0,0.0,58,PM2.5,Moderate
126,1/6/2021,06:00:00,20.0,59.0,0.0,24.0,15.0,0.0,59,PM2.5,Moderate
127,1/6/2021,07:00:00,21.0,59.0,0.0,24.0,16.0,0.0,59,PM2.5,Moderate
128,1/6/2021,08:00:00,22.0,60.0,0.0,24.0,16.0,0.0,60,PM2.5,Moderate
129,1/6/2021,09:00:00,23.0,61.0,0.0,24.0,16.0,0.0,61,PM2.5,Moderate
130,1/6/2021,10:00:00,24.0,62.0,1.0,25.0,16.0,0.0,62,PM2.5,Moderate
131,1/6/2021,11:00:00,25.0,63.0,1.0,25.0,17.0,0.0,63,PM2.5,Moderate
132,1/6/2021,12:00:00,26.0,64.0,1.0,26.0,17.0,0.0,64,PM2.5,Moderate
133,1/6/2021,13:00:00,27.0,65.0,1.0,26.0,17.0,0.0,65,PM2.5,Moderate
134,1/6/2021,14:00:00,27.0,65.0,1.0,26.0,17.0,0.0,65,PM2.5,Moderate
135,1/6/2021,15:00:00,27.0,65.0,1.0,26.0,18.0,0.0,65,PM2.5,Moderate
136,1/6/2021,16:00:00,28.0,65.0,1.0,26.0,20.0,0.0,65,PM2.5,Moderate
137,1/6/2021,17:00:00,28.0,66.0,1.0,26.0,22.0,0.0,66,PM2.5,Moderate
138,1/6/2021,18:00:00,28.0,66.0,1.0,26.0,23.0,0.0,66,PM2.5,Moderate
139,1/6/2021,19:00:00,28.0,66.0,1.0,26.0,24.0,0.0,66,PM2.5,Moderate
140,1/6/2021,20:00:00,28.0,66.0,1.0,26.0,25.0,0.0,66,PM2.5,Moderate
141,1/6/2021,21:00:00,28.0,66.0,1.0,26.0,26.0,0.0,66,PM2.5,Moderate
142,1/6/2021,22:00:00,27.0,64.0,1.0,26.0,26.0,0.0,64,PM2.5,Moderate
143,1/6/2021,23:00:00,26.0,63.0,1.0,26.0,27.0,0.0,63,PM2.5,Moderate
144,1/7/2021,00:00:00,25.0,62.0,1.0,27.0,27.0,0.0,62,PM2.5,Moderate
145,1/7/2021,01:00:00,24.0,62.0,1.0,27.0,27.0,0.0,62,PM2.5,Moderate
146,1/7/2021,02:00:00,24.0,61.0,1.0,27.0,27.0,0.0,61,PM2.5,Moderate
147,1/7/2021,03:00:00,23.0,60.0,1.0,27.0,26.0,0.0,60,PM2.5,Moderate
148,1/7/2021,04:00:00,23.0,60.0,1.0,28.0,26.0,0.0,60,PM2.5,Moderate
149,1/7/2021,05:00:00,23.0,59.0,1.0,28.0,25.0,0.0,59,PM2.5,Moderate
150,1/7/2021,06:00:00,23.0,59.0,1.0,29.0,25.0,0.0,59,PM2.5,Moderate
151,1/7/2021,07:00:00,23.0,60.0,1.0,29.0,25.0,0.0,60,PM2.5,Moderate
152,1/7/2021,08:00:00,23.0,59.0,1.0,29.0,24.0,0.0,59,PM2.5,Moderate
153,1/7/2021,09:00:00,23.0,59.0,1.0,29.0,24.0,0.0,59,PM2.5,Moderate
154,1/7/2021,10:00:00,22.0,58.0,1.0,29.0,24.0,0.0,58,PM2.5,Moderate
155,1/7/2021,11:00:00,21.0,57.0,1.0,29.0,24.0,0.0,57,PM2.5,Moderate
156,1/7/2021,12:00:00,21.0,57.0,1.0,29.0,24.0,0.0,57,PM2.5,Moderate
157,1/7/2021,13:00:00,21.0,57.0,1.0,29.0,24.0,0.0,57,PM2.5,Moderate
158,1/7/2021,14:00:00,21.0,57.0,1.0,29.0,24.0,0.0,57,PM2.5,Moderate
159,1/7/2021,15:00:00,21.0,57.0,1.0,29.0,22.0,0.0,57,PM2.5,Moderate
160,1/7/2021,16:00:00,20.0,57.0,1.0,29.0,21.0,0.0,57,PM2.5,Moderate
161,1/7/2021,17:00:00,20.0,56.0,1.0,29.0,19.0,0.0,56,PM2.5,Moderate
162,1/7/2021,18:00:00,21.0,57.0,1.0,29.0,16.0,0.0,57,PM2.5,Moderate
163,1/7/2021,19:00:00,21.0,56.0,1.0,29.0,13.0,0.0,56,PM2.5,Moderate
164,1/7/2021,20:00:00,20.0,55.0,1.0,30.0,11.0,0.0,55,PM2.5,Moderate
165,1/7/2021,21:00:00,21.0,56.0,1.0,31.0,9.0,0.0,56,PM2.5,Moderate
166,1/7/2021,22:00:00,21.0,56.0,1.0,30.0,7.0,0.0,56,PM2.5,Moderate
167,1/7/2021,23:00:00,21.0,56.0,1.0,30.0,6.0,0.0,56,PM2.5,Moderate
168,1/8/2021,00:00:00,21.0,56.0,1.0,29.0,4.0,0.0,56,PM2.5,Moderate
169,1/8/2021,01:00:00,21.0,56.0,1.0,29.0,3.0,0.0,56,PM2.5,Moderate
170,1/8/2021,02:00:00,21.0,56.0,1.0,29.0,2.0,0.0,56,PM2.5,Moderate
171,1/8/2021,03:00:00,21.0,56.0,1.0,28.0,2.0,0.0,56,PM2.5,Moderate
172,1/8/2021,04:00:00,21.0,56.0,1.0,28.0,1.0,0.0,56,PM2.5,Moderate
173,1/8/2021,05:00:00,20.0,55.0,1.0,28.0,1.0,0.0,55,PM2.5,Moderate
174,1/8/2021,06:00:00,20.0,55.0,1.0,27.0,1.0,0.0,55,PM2.5,Moderate
175,1/8/2021,07:00:00,20.0,54.0,1.0,27.0,1.0,0.0,54,PM2.5,Moderate
176,1/8/2021,08:00:00,20.0,55.0,1.0,28.0,1.0,0.0,55,PM2.5,Moderate
177,1/8/2021,09:00:00,20.0,54.0,1.0,28.0,1.0,0.0,54,PM2.5,Moderate
178,1/8/2021,10:00:00,20.0,55.0,1.0,28.0,1.0,0.0,55,PM2.5,Moderate
179,1/8/2021,11:00:00,20.0,55.0,1.0,28.0,1.0,0.0,55,PM2.5,Moderate
180,1/8/2021,12:00:00,20.0,55.0,2.0,29.0,1.0,0.0,55,PM2.5,Moderate
181,1/8/2021,13:00:00,20.0,55.0,2.0,29.0,1.0,0.0,55,PM2.5,Moderate
182,1/8/2021,14:00:00,20.0,55.0,2.0,29.0,0.0,0.0,55,PM2.5,Moderate
183,1/8/2021,15:00:00,20.0,56.0,2.0,29.0,0.0,0.0,56,PM2.5,Moderate
184,1/8/2021,16:00:00,21.0,56.0,2.0,29.0,0.0,0.0,56,PM2.5,Moderate
185,1/8/2021,17:00:00,21.0,57.0,2.0,29.0,0.0,0.0,57,PM2.5,Moderate
186,1/8/2021,18:00:00,20.0,56.0,2.0,29.0,0.0,0.0,56,PM2.5,Moderate
187,1/8/2021,19:00:00,19.0,56.0,2.0,29.0,0.0,0.0,56,PM2.5,Moderate
188,1/8/2021,20:00:00,20.0,56.0,2.0,28.0,0.0,0.0,56,PM2.5,Moderate
189,1/8/2021,21:00:00,19.0,56.0,2.0,27.0,0.0,0.0,56,PM2.5,Moderate
190,1/8/2021,22:00:00,19.0,55.0,2.0,27.0,0.0,0.0,55,PM2.5,Moderate
191,1/8/2021,23:00:00,19.0,55.0,2.0,27.0,0.0,0.0,55,PM2.5,Moderate
192,1/9/2021,00:00:00,18.0,54.0,2.0,27.0,0.0,0.0,54,PM2.5,Moderate
193,1/9/2021,01:00:00,18.0,54.0,2.0,27.0,0.0,0.0,54,PM2.5,Moderate
194,1/9/2021,02:00:00,18.0,54.0,2.0,27.0,0.0,0.0,54,PM2.5,Moderate
195,1/9/2021,03:00:00,17.0,53.0,2.0,27.0,0.0,0.0,53,PM2.5,Moderate
196,1/9/2021,04:00:00,18.0,55.0,2.0,27.0,0.0,0.0,55,PM2.5,Moderate
197,1/9/2021,05:00:00,19.0,55.0,2.0,27.0,0.0,0.0,55,PM2.5,Moderate
198,1/9/2021,06:00:00,19.0,56.0,2.0,27.0,0.0,0.0,56,PM2.5,Moderate
199,1/9/2021,07:00:00,19.0,55.0,2.0,26.0,0.0,0.0,55,PM2.5,Moderate
200,1/9/2021,08:00:00,18.0,54.0,1.0,26.0,0.0,0.0,54,PM2.5,Moderate
201,1/9/2021,09:00:00,18.0,54.0,1.0,25.0,0.0,0.0,54,PM2.5,Moderate
202,1/9/2021,10:00:00,17.0,53.0,1.0,25.0,0.0,0.0,53,PM2.5,Moderate
203,1/9/2021,11:00:00,17.0,52.0,1.0,24.0,0.0,0.0,52,PM2.5,Moderate
204,1/9/2021,12:00:00,16.0,52.0,1.0,24.0,0.0,0.0,52,PM2.5,Moderate
205,1/9/2021,13:00:00,16.0,52.0,0.0,23.0,0.0,0.0,52,PM2.5,Moderate
206,1/9/2021,14:00:00,15.0,51.0,0.0,23.0,0.0,0.0,51,PM2.5,Moderate
207,1/9/2021,15:00:00,15.0,50.0,0.0,23.0,0.0,0.0,50,PM2.5,Good
208,1/9/2021,16:00:00,14.0,48.0,0.0,23.0,0.0,0.0,48,PM2.5,Good
209,1/9/2021,17:00:00,14.0,47.0,0.0,22.0,0.0,0.0,47,PM2.5,Good
210,1/9/2021,18:00:00,14.0,45.0,0.0,22.0,0.0,0.0,45,PM2.5,Good
211,1/9/2021,19:00:00,14.0,45.0,0.0,22.0,0.0,0.0,45,PM2.5,Good
212,1/9/2021,20:00:00,13.0,44.0,0.0,22.0,0.0,0.0,44,PM2.5,Good
213,1/9/2021,21:00:00,13.0,44.0,0.0,23.0,0.0,0.0,44,PM2.5,Good
214,1/9/2021,22:00:00,13.0,45.0,0.0,23.0,0.0,0.0,45,PM2.5,Good
215,1/9/2021,23:00:00,14.0,45.0,0.0,22.0,0.0,0.0,45,PM2.5,Good
216,1/10/2021,00:00:00,13.0,44.0,0.0,22.0,0.0,0.0,44,PM2.5,Good
217,1/10/2021,01:00:00,13.0,43.0,0.0,22.0,0.0,0.0,43,PM2.5,Good
218,1/10/2021,02:00:00,13.0,43.0,0.0,21.0,0.0,0.0,43,PM2.5,Good
219,1/10/2021,03:00:00,13.0,41.0,0.0,21.0,0.0,0.0,41,PM2.5,Good
220,1/10/2021,04:00:00,11.0,34.0,0.0,21.0,0.0,0.0,34,PM2.5,Good
221,1/10/2021,05:00:00,10.0,31.0,0.0,21.0,0.0,0.0,31,PM2.5,Good
222,1/10/2021,06:00:00,8.0,26.0,0.0,21.0,0.0,0.0,26,PM2.5,Good
223,1/10/2021,07:00:00,8.0,26.0,0.0,21.0,0.0,0.0,26,PM2.5,Good
224,1/10/2021,08:00:00,8.0,24.0,0.0,21.0,0.0,0.0,24,PM2.5,Good
225,1/10/2021,09:00:00,8.0,24.0,0.0,21.0,0.0,0.0,24,PM2.5,Good
226,1/10/2021,10:00:00,7.0,23.0,0.0,21.0,0.0,0.0,23,PM2.5,Good
227,1/10/2021,11:00:00,7.0,22.0,0.0,20.0,0.0,0.0,22,PM2.5,Good
228,1/10/2021,12:00:00,7.0,21.0,0.0,20.0,0.0,0.0,21,PM2.5,Good
229,1/10/2021,13:00:00,7.0,21.0,0.0,20.0,0.0,0.0,21,PM2.5,Good
230,1/10/2021,14:00:00,7.0,21.0,0.0,20.0,0.0,0.0,21,PM2.5,Good
231,1/10/2021,15:00:00,6.0,21.0,0.0,20.0,0.0,0.0,21,PM2.5,Good
232,1/10/2021,16:00:00,6.0,21.0,0.0,20.0,0.0,0.0,21,PM2.5,Good
233,1/10/2021,17:00:00,6.0,21.0,0.0,20.0,0.0,0.0,21,PM2.5,Good
234,1/10/2021,18:00:00,7.0,21.0,0.0,20.0,0.0,0.0,21,PM2.5,Good
235,1/10/2021,19:00:00,7.0,21.0,0.0,20.0,0.0,0.0,21,PM2.5,Good
236,1/10/2021,20:00:00,7.0,21.0,0.0,21.0,0.0,0.0,21,PM2.5,Good
237,1/10/2021,21:00:00,7.0,22.0,0.0,22.0,0.0,0.0,22,PM2.5,Good
238,1/10/2021,22:00:00,7.0,21.0,1.0,23.0,0.0,0.0,23,CO,Good
239,1/10/2021,23:00:00,7.0,21.0,1.0,24.0,0.0,0.0,24,CO,Good
240,1/11/2021,00:00:00,7.0,23.0,1.0,24.0,0.0,0.0,24,CO,Good
241,1/11/2021,01:00:00,7.0,23.0,1.0,25.0,0.0,0.0,25,CO,Good
242,1/11/2021,02:00:00,8.0,24.0,1.0,25.0,0.0,0.0,25,CO,Good
243,1/11/2021,03:00:00,8.0,25.0,1.0,25.0,0.0,0.0,25,PM2.5,Good
244,1/11/2021,04:00:00,8.0,26.0,1.0,26.0,0.0,0.0,26,PM2.5,Good
245,1/11/2021,05:00:00,9.0,27.0,1.0,27.0,0.0,0.0,27,PM2.5,Good
246,1/11/2021,06:00:00,9.0,29.0,1.0,27.0,0.0,0.0,29,PM2.5,Good
247,1/11/2021,07:00:00,10.0,32.0,2.0,28.0,0.0,0.0,32,PM2.5,Good
248,1/11/2021,08:00:00,11.0,34.0,3.0,29.0,0.0,0.0,34,PM2.5,Good
249,1/11/2021,09:00:00,12.0,36.0,3.0,29.0,0.0,0.0,36,PM2.5,Good
250,1/11/2021,10:00:00,12.0,37.0,3.0,29.0,0.0,0.0,37,PM2.5,Good
251,1/11/2021,11:00:00,12.0,37.0,3.0,29.0,0.0,0.0,37,PM2.5,Good
252,1/11/2021,12:00:00,12.0,37.0,3.0,30.0,0.0,0.0,37,PM2.5,Good
253,1/11/2021,13:00:00,12.0,36.0,3.0,30.0,0.0,0.0,36,PM2.5,Good
254,1/11/2021,14:00:00,12.0,36.0,3.0,30.0,0.0,0.0,36,PM2.5,Good
255,1/11/2021,15:00:00,12.0,36.0,3.0,30.0,0.0,0.0,36,PM2.5,Good
256,1/11/2021,16:00:00,12.0,36.0,3.0,31.0,0.0,0.0,36,PM2.5,Good
257,1/11/2021,17:00:00,12.0,36.0,3.0,31.0,0.0,0.0,36,PM2.5,Good
258,1/11/2021,18:00:00,12.0,37.0,3.0,32.0,0.0,0.0,37,PM2.5,Good
259,1/11/2021,19:00:00,12.0,38.0,3.0,32.0,0.0,0.0,38,PM2.5,Good
260,1/11/2021,20:00:00,12.0,38.0,3.0,31.0,0.0,0.0,38,PM2.5,Good
261,1/11/2021,21:00:00,12.0,37.0,3.0,30.0,0.0,0.0,37,PM2.5,Good
262,1/11/2021,22:00:00,12.0,37.0,3.0,29.0,0.0,0.0,37,PM2.5,Good
263,1/11/2021,23:00:00,11.0,35.0,3.0,28.0,0.0,0.0,35,PM2.5,Good
264,1/12/2021,00:00:00,11.0,34.0,3.0,27.0,0.0,0.0,34,PM2.5,Good
265,1/12/2021,01:00:00,11.0,33.0,3.0,27.0,0.0,0.0,33,PM2.5,Good
266,1/12/2021,02:00:00,10.0,32.0,3.0,27.0,0.0,0.0,32,PM2.5,Good
267,1/12/2021,03:00:00,10.0,32.0,3.0,27.0,0.0,0.0,32,PM2.5,Good
268,1/12/2021,04:00:00,10.0,31.0,3.0,26.0,0.0,0.0,31,PM2.5,Good
269,1/12/2021,05:00:00,10.0,31.0,3.0,26.0,0.0,0.0,31,PM2.5,Good
270,1/12/2021,06:00:00,10.0,30.0,3.0,26.0,0.0,0.0,30,PM2.5,Good
271,1/12/2021,07:00:00,9.0,27.0,2.0,26.0,0.0,0.0,27,PM2.5,Good
272,1/12/2021,08:00:00,8.0,27.0,3.0,26.0,0.0,0.0,27,PM2.5,Good
273,1/12/2021,09:00:00,9.0,27.0,3.0,27.0,0.0,0.0,27,PM2.5,Good
274,1/12/2021,10:00:00,9.0,27.0,3.0,27.0,0.0,0.0,27,PM2.5,Good
275,1/12/2021,11:00:00,9.0,27.0,3.0,27.0,0.0,0.0,27,PM2.5,Good
276,1/12/2021,12:00:00,9.0,27.0,3.0,27.0,0.0,0.0,27,PM2.5,Good
277,1/12/2021,13:00:00,9.0,27.0,3.0,27.0,0.0,0.0,27,PM2.5,Good
278,1/12/2021,14:00:00,9.0,27.0,4.0,27.0,0.0,0.0,27,PM2.5,Good
279,1/12/2021,15:00:00,9.0,27.0,5.0,27.0,1.0,0.0,27,PM2.5,Good
280,1/12/2021,16:00:00,9.0,27.0,6.0,27.0,1.0,0.0,27,PM2.5,Good
281,1/12/2021,17:00:00,9.0,27.0,7.0,26.0,2.0,0.0,27,PM2.5,Good
282,1/12/2021,18:00:00,9.0,26.0,7.0,26.0,2.0,0.0,26,PM2.5,Good
283,1/12/2021,19:00:00,8.0,26.0,8.0,25.0,3.0,0.0,26,PM2.5,Good
284,1/12/2021,20:00:00,8.0,26.0,9.0,25.0,3.0,0.0,26,PM2.5,Good
285,1/12/2021,21:00:00,8.0,26.0,10.0,25.0,4.0,1.0,26,PM2.5,Good
286,1/12/2021,22:00:00,8.0,26.0,11.0,25.0,4.0,1.0,26,PM2.5,Good
287,1/12/2021,23:00:00,8.0,26.0,12.0,25.0,4.0,1.0,26,PM2.5,Good
288,1/13/2021,00:00:00,8.0,26.0,13.0,24.0,5.0,1.0,26,PM2.5,Good
289,1/13/2021,01:00:00,8.0,25.0,14.0,24.0,5.0,1.0,25,PM2.5,Good
290,1/13/2021,02:00:00,8.0,25.0,14.0,24.0,6.0,1.0,25,PM2.5,Good
291,1/13/2021,03:00:00,8.0,24.0,15.0,24.0,7.0,1.0,24,PM2.5,Good
292,1/13/2021,04:00:00,8.0,24.0,16.0,24.0,7.0,1.0,24,PM2.5,Good
293,1/13/2021,05:00:00,7.0,23.0,17.0,23.0,9.0,1.0,23,PM2.5,Good
294,1/13/2021,06:00:00,7.0,22.0,17.0,23.0,10.0,1.0,23,CO,Good
295,1/13/2021,07:00:00,7.0,21.0,18.0,22.0,11.0,2.0,22,CO,Good
296,1/13/2021,08:00:00,6.0,20.0,18.0,21.0,13.0,2.0,21,CO,Good
297,1/13/2021,09:00:00,6.0,18.0,18.0,20.0,15.0,2.0,20,CO,Good
298,1/13/2021,10:00:00,6.0,17.0,19.0,19.0,16.0,2.0,19,SO2,Good
299,1/13/2021,11:00:00,6.0,17.0,20.0,19.0,18.0,2.0,20,SO2,Good
300,1/13/2021,12:00:00,5.0,17.0,20.0,19.0,19.0,2.0,20,SO2,Good
301,1/13/2021,13:00:00,5.0,16.0,21.0,19.0,20.0,2.0,21,SO2,Good
302,1/13/2021,14:00:00,5.0,16.0,21.0,19.0,20.0,2.0,21,SO2,Good
303,1/13/2021,15:00:00,5.0,16.0,21.0,19.0,21.0,2.0,21,SO2,Good
304,1/13/2021,16:00:00,5.0,16.0,21.0,19.0,21.0,2.0,21,SO2,Good
305,1/13/2021,17:00:00,5.0,16.0,21.0,19.0,22.0,2.0,22,O3,Good
306,1/13/2021,18:00:00,5.0,16.0,21.0,19.0,23.0,2.0,23,O3,Good
307,1/13/2021,19:00:00,5.0,16.0,21.0,19.0,24.0,3.0,24,O3,Good
308,1/13/2021,20:00:00,6.0,16.0,21.0,19.0,25.0,3.0,25,O3,Good
309,1/13/2021,21:00:00,6.0,16.0,21.0,19.0,25.0,3.0,25,O3,Good
310,1/13/2021,22:00:00,5.0,16.0,21.0,19.0,26.0,3.0,26,O3,Good
311,1/13/2021,23:00:00,6.0,16.0,21.0,19.0,26.0,3.0,26,O3,Good
312,1/14/2021,00:00:00,6.0,17.0,20.0,19.0,26.0,3.0,26,O3,Good
313,1/14/2021,01:00:00,6.0,17.0,20.0,19.0,26.0,3.0,26,O3,Good
314,1/14/2021,02:00:00,6.0,17.0,20.0,19.0,26.0,3.0,26,O3,Good
315,1/14/2021,03:00:00,6.0,17.0,20.0,19.0,25.0,2.0,25,O3,Good
316,1/14/2021,04:00:00,6.0,17.0,20.0,19.0,25.0,2.0,25,O3,Good
317,1/14/2021,05:00:00,5.0,16.0,20.0,19.0,24.0,2.0,24,O3,Good
318,1/14/2021,06:00:00,5.0,16.0,20.0,19.0,25.0,2.0,25,O3,Good
319,1/14/2021,07:00:00,5.0,16.0,20.0,19.0,25.0,2.0,25,O3,Good
320,1/14/2021,08:00:00,5.0,16.0,20.0,19.0,25.0,2.0,25,O3,Good
321,1/14/2021,09:00:00,5.0,16.0,20.0,19.0,25.0,2.0,25,O3,Good
322,1/14/2021,10:00:00,5.0,16.0,20.0,19.0,26.0,3.0,26,O3,Good
323,1/14/2021,11:00:00,5.0,16.0,20.0,19.0,26.0,3.0,26,O3,Good
324,1/14/2021,12:00:00,5.0,16.0,20.0,19.0,27.0,3.0,27,O3,Good
325,1/14/2021,13:00:00,5.0,16.0,20.0,19.0,27.0,3.0,27,O3,Good
326,1/14/2021,14:00:00,5.0,16.0,20.0,20.0,28.0,2.0,28,O3,Good
327,1/14/2021,15:00:00,5.0,16.0,20.0,20.0,29.0,2.0,29,O3,Good
328,1/14/2021,16:00:00,5.0,16.0,20.0,20.0,30.0,2.0,30,O3,Good
329,1/14/2021,17:00:00,5.0,16.0,20.0,20.0,30.0,2.0,30,O3,Good
330,1/14/2021,18:00:00,6.0,18.0,20.0,20.0,31.0,2.0,31,O3,Good
331,1/14/2021,19:00:00,6.0,18.0,20.0,21.0,32.0,2.0,32,O3,Good
332,1/14/2021,20:00:00,6.0,19.0,20.0,21.0,33.0,3.0,33,O3,Good
333,1/14/2021,21:00:00,7.0,21.0,20.0,22.0,33.0,3.0,33,O3,Good
334,1/14/2021,22:00:00,7.0,23.0,21.0,22.0,34.0,3.0,34,O3,Good
335,1/14/2021,23:00:00,8.0,26.0,21.0,23.0,35.0,3.0,35,O3,Good
336,1/15/2021,00:00:00,9.0,28.0,21.0,23.0,35.0,3.0,35,O3,Good
337,1/15/2021,01:00:00,9.0,30.0,21.0,23.0,36.0,3.0,36,O3,Good
338,1/15/2021,02:00:00,10.0,32.0,21.0,23.0,36.0,3.0,36,O3,Good
339,1/15/2021,03:00:00,10.0,34.0,21.0,24.0,37.0,3.0,37,O3,Good
340,1/15/2021,04:00:00,11.0,36.0,21.0,24.0,39.0,3.0,39,O3,Good
341,1/15/2021,05:00:00,12.0,39.0,21.0,24.0,39.0,3.0,39,PM2.5,Good
342,1/15/2021,06:00:00,13.0,42.0,21.0,25.0,38.0,3.0,42,PM2.5,Good
343,1/15/2021,07:00:00,13.0,44.0,22.0,26.0,37.0,3.0,44,PM2.5,Good
344,1/15/2021,08:00:00,14.0,48.0,23.0,26.0,36.0,3.0,48,PM2.5,Good
345,1/15/2021,09:00:00,14.0,49.0,24.0,27.0,34.0,3.0,49,PM2.5,Good
346,1/15/2021,10:00:00,15.0,50.0,24.0,27.0,33.0,3.0,50,PM2.5,Good
347,1/15/2021,11:00:00,15.0,50.0,24.0,27.0,33.0,3.0,50,PM2.5,Good
348,1/15/2021,12:00:00,15.0,50.0,24.0,27.0,31.0,3.0,50,PM2.5,Good
349,1/15/2021,13:00:00,15.0,50.0,24.0,26.0,30.0,3.0,50,PM2.5,Good
350,1/15/2021,14:00:00,15.0,50.0,24.0,26.0,29.0,3.0,50,PM2.5,Good
351,1/15/2021,15:00:00,15.0,50.0,24.0,26.0,28.0,3.0,50,PM2.5,Good
352,1/15/2021,16:00:00,15.0,50.0,24.0,26.0,27.0,3.0,50,PM2.5,Good
353,1/15/2021,17:00:00,15.0,50.0,24.0,26.0,27.0,3.0,50,PM2.5,Good
354,1/15/2021,18:00:00,14.0,49.0,23.0,26.0,26.0,3.0,49,PM2.5,Good
355,1/15/2021,19:00:00,15.0,50.0,23.0,26.0,26.0,3.0,50,PM2.5,Good
356,1/15/2021,20:00:00,15.0,50.0,24.0,26.0,25.0,3.0,50,PM2.5,Good
357,1/15/2021,21:00:00,17.0,53.0,23.0,26.0,25.0,3.0,53,PM2.5,Moderate
358,1/15/2021,22:00:00,17.0,54.0,23.0,26.0,26.0,3.0,54,PM2.5,Moderate
359,1/15/2021,23:00:00,18.0,55.0,23.0,26.0,27.0,3.0,55,PM2.5,Moderate
360,1/16/2021,00:00:00,18.0,55.0,23.0,26.0,28.0,3.0,55,PM2.5,Moderate
361,1/16/2021,01:00:00,18.0,55.0,23.0,26.0,29.0,3.0,55,PM2.5,Moderate
362,1/16/2021,02:00:00,18.0,56.0,23.0,26.0,30.0,3.0,56,PM2.5,Moderate
363,1/16/2021,03:00:00,18.0,56.0,24.0,25.0,29.0,3.0,56,PM2.5,Moderate
364,1/16/2021,04:00:00,18.0,55.0,24.0,25.0,28.0,3.0,55,PM2.5,Moderate
365,1/16/2021,05:00:00,17.0,55.0,24.0,25.0,28.0,3.0,55,PM2.5,Moderate
366,1/16/2021,06:00:00,17.0,54.0,23.0,24.0,29.0,3.0,54,PM2.5,Moderate
367,1/16/2021,07:00:00,16.0,53.0,22.0,23.0,30.0,3.0,53,PM2.5,Moderate
368,1/16/2021,08:00:00,16.0,52.0,22.0,23.0,30.0,3.0,52,PM2.5,Moderate
369,1/16/2021,09:00:00,17.0,54.0,21.0,22.0,31.0,3.0,54,PM2.5,Moderate
370,1/16/2021,10:00:00,17.0,54.0,21.0,22.0,32.0,3.0,54,PM2.5,Moderate
371,1/16/2021,11:00:00,17.0,55.0,21.0,22.0,33.0,3.0,55,PM2.5,Moderate
372,1/16/2021,12:00:00,17.0,55.0,21.0,22.0,34.0,3.0,55,PM2.5,Moderate
373,1/16/2021,13:00:00,17.0,55.0,21.0,22.0,35.0,3.0,55,PM2.5,Moderate
374,1/16/2021,14:00:00,18.0,55.0,21.0,22.0,37.0,3.0,55,PM2.5,Moderate
375,1/16/2021,15:00:00,18.0,55.0,21.0,22.0,37.0,3.0,55,PM2.5,Moderate
376,1/16/2021,16:00:00,18.0,55.0,21.0,22.0,38.0,3.0,55,PM2.5,Moderate
377,1/16/2021,17:00:00,18.0,55.0,21.0,22.0,38.0,3.0,55,PM2.5,Moderate
378,1/16/2021,18:00:00,18.0,56.0,21.0,22.0,38.0,3.0,56,PM2.5,Moderate
379,1/16/2021,19:00:00,18.0,55.0,21.0,22.0,37.0,3.0,55,PM2.5,Moderate
380,1/16/2021,20:00:00,17.0,55.0,21.0,21.0,37.0,3.0,55,PM2.5,Moderate
381,1/16/2021,21:00:00,15.0,52.0,20.0,21.0,38.0,3.0,52,PM2.5,Moderate
382,1/16/2021,22:00:00,14.0,51.0,20.0,21.0,38.0,3.0,51,PM2.5,Moderate
383,1/16/2021,23:00:00,13.0,48.0,20.0,21.0,38.0,3.0,48,PM2.5,Good
384,1/17/2021,00:00:00,13.0,46.0,20.0,21.0,37.0,3.0,46,PM2.5,Good
385,1/17/2021,01:00:00,12.0,44.0,20.0,22.0,36.0,3.0,44,PM2.5,Good
386,1/17/2021,02:00:00,13.0,48.0,21.0,23.0,36.0,3.0,48,PM2.5,Good
387,1/17/2021,03:00:00,14.0,50.0,21.0,24.0,36.0,3.0,50,PM2.5,Good
388,1/17/2021,04:00:00,15.0,52.0,22.0,25.0,36.0,3.0,52,PM2.5,Moderate
389,1/17/2021,05:00:00,16.0,53.0,22.0,25.0,35.0,4.0,53,PM2.5,Moderate
390,1/17/2021,06:00:00,17.0,55.0,23.0,26.0,35.0,4.0,55,PM2.5,Moderate
391,1/17/2021,07:00:00,18.0,56.0,24.0,27.0,34.0,4.0,56,PM2.5,Moderate
392,1/17/2021,08:00:00,19.0,57.0,25.0,28.0,34.0,4.0,57,PM2.5,Moderate
393,1/17/2021,09:00:00,19.0,57.0,25.0,28.0,34.0,4.0,57,PM2.5,Moderate
394,1/17/2021,10:00:00,19.0,57.0,25.0,28.0,33.0,4.0,57,PM2.5,Moderate
395,1/17/2021,11:00:00,19.0,57.0,25.0,28.0,32.0,4.0,57,PM2.5,Moderate
396,1/17/2021,12:00:00,20.0,57.0,25.0,28.0,31.0,4.0,57,PM2.5,Moderate
397,1/17/2021,13:00:00,19.0,57.0,25.0,28.0,29.0,4.0,57,PM2.5,Moderate
398,1/17/2021,14:00:00,19.0,57.0,25.0,28.0,28.0,4.0,57,PM2.5,Moderate
399,1/17/2021,15:00:00,19.0,57.0,25.0,28.0,26.0,4.0,57,PM2.5,Moderate
400,1/17/2021,16:00:00,19.0,57.0,25.0,28.0,25.0,4.0,57,PM2.5,Moderate
401,1/17/2021,17:00:00,19.0,57.0,26.0,28.0,24.0,4.0,57,PM2.5,Moderate
402,1/17/2021,18:00:00,20.0,58.0,26.0,28.0,23.0,4.0,58,PM2.5,Moderate
403,1/17/2021,19:00:00,20.0,58.0,26.0,28.0,23.0,4.0,58,PM2.5,Moderate
404,1/17/2021,20:00:00,21.0,58.0,26.0,27.0,23.0,4.0,58,PM2.5,Moderate
405,1/17/2021,21:00:00,21.0,59.0,26.0,27.0,21.0,4.0,59,PM2.5,Moderate
406,1/17/2021,22:00:00,21.0,59.0,26.0,27.0,20.0,4.0,59,PM2.5,Moderate
407,1/17/2021,23:00:00,22.0,60.0,26.0,27.0,19.0,4.0,60,PM2.5,Moderate
408,1/18/2021,00:00:00,22.0,61.0,26.0,27.0,18.0,4.0,61,PM2.5,Moderate
409,1/18/2021,01:00:00,22.0,61.0,26.0,26.0,17.0,4.0,61,PM2.5,Moderate
410,1/18/2021,02:00:00,21.0,59.0,25.0,24.0,17.0,3.0,59,PM2.5,Moderate
411,1/18/2021,03:00:00,19.0,57.0,25.0,24.0,16.0,3.0,57,PM2.5,Moderate
412,1/18/2021,04:00:00,18.0,55.0,24.0,23.0,16.0,3.0,55,PM2.5,Moderate
413,1/18/2021,05:00:00,17.0,53.0,24.0,22.0,15.0,3.0,53,PM2.5,Moderate
414,1/18/2021,06:00:00,16.0,52.0,23.0,21.0,15.0,3.0,52,PM2.5,Moderate
415,1/18/2021,07:00:00,15.0,51.0,23.0,21.0,14.0,3.0,51,PM2.5,Moderate
416,1/18/2021,08:00:00,14.0,48.0,22.0,21.0,14.0,3.0,48,PM2.5,Good
417,1/18/2021,09:00:00,14.0,46.0,22.0,21.0,14.0,4.0,46,PM2.5,Good
418,1/18/2021,10:00:00,15.0,50.0,22.0,21.0,15.0,4.0,50,PM2.5,Good
419,1/18/2021,11:00:00,15.0,50.0,22.0,22.0,15.0,4.0,50,PM2.5,Good
420,1/18/2021,12:00:00,15.0,51.0,22.0,22.0,15.0,4.0,51,PM2.5,Moderate
421,1/18/2021,13:00:00,16.0,51.0,23.0,22.0,15.0,4.0,51,PM2.5,Moderate
422,1/18/2021,14:00:00,16.0,51.0,23.0,22.0,15.0,4.0,51,PM2.5,Moderate
423,1/18/2021,15:00:00,16.0,52.0,24.0,21.0,15.0,4.0,52,PM2.5,Moderate
424,1/18/2021,16:00:00,17.0,52.0,24.0,21.0,14.0,4.0,52,PM2.5,Moderate
425,1/18/2021,17:00:00,16.0,52.0,25.0,21.0,14.0,4.0,52,PM2.5,Moderate
426,1/18/2021,18:00:00,16.0,51.0,26.0,21.0,13.0,4.0,51,PM2.5,Moderate
427,1/18/2021,19:00:00,15.0,50.0,27.0,21.0,13.0,4.0,50,PM2.5,Good
428,1/18/2021,20:00:00,15.0,49.0,27.0,21.0,11.0,4.0,49,PM2.5,Good
429,1/18/2021,21:00:00,14.0,47.0,27.0,21.0,11.0,4.0,47,PM2.5,Good
430,1/18/2021,22:00:00,14.0,46.0,28.0,22.0,11.0,4.0,46,PM2.5,Good
431,1/18/2021,23:00:00,14.0,45.0,28.0,22.0,12.0,4.0,45,PM2.5,Good
432,1/19/2021,00:00:00,14.0,44.0,28.0,23.0,13.0,5.0,44,PM2.5,Good
433,1/19/2021,01:00:00,14.0,45.0,28.0,23.0,15.0,5.0,45,PM2.5,Good
434,1/19/2021,02:00:00,14.0,47.0,28.0,23.0,17.0,5.0,47,PM2.5,Good
435,1/19/2021,03:00:00,15.0,50.0,28.0,24.0,20.0,5.0,50,PM2.5,Good
436,1/19/2021,04:00:00,16.0,51.0,28.0,24.0,22.0,5.0,51,PM2.5,Moderate
437,1/19/2021,05:00:00,17.0,52.0,28.0,24.0,24.0,5.0,52,PM2.5,Moderate
438,1/19/2021,06:00:00,18.0,54.0,28.0,24.0,25.0,5.0,54,PM2.5,Moderate
439,1/19/2021,07:00:00,20.0,57.0,28.0,24.0,26.0,5.0,57,PM2.5,Moderate
440,1/19/2021,08:00:00,20.0,59.0,28.0,24.0,28.0,5.0,59,PM2.5,Moderate
441,1/19/2021,09:00:00,20.0,59.0,28.0,24.0,28.0,4.0,59,PM2.5,Moderate
442,1/19/2021,10:00:00,20.0,59.0,28.0,23.0,29.0,4.0,59,PM2.5,Moderate
443,1/19/2021,11:00:00,19.0,59.0,28.0,23.0,31.0,4.0,59,PM2.5,Moderate
444,1/19/2021,12:00:00,20.0,59.0,28.0,24.0,32.0,5.0,59,PM2.5,Moderate
445,1/19/2021,13:00:00,20.0,59.0,28.0,24.0,34.0,5.0,59,PM2.5,Moderate
446,1/19/2021,14:00:00,20.0,59.0,28.0,24.0,35.0,5.0,59,PM2.5,Moderate
447,1/19/2021,15:00:00,20.0,60.0,28.0,25.0,37.0,5.0,60,PM2.5,Moderate
448,1/19/2021,16:00:00,20.0,60.0,28.0,26.0,39.0,5.0,60,PM2.5,Moderate
449,1/19/2021,17:00:00,21.0,60.0,27.0,26.0,41.0,5.0,60,PM2.5,Moderate
450,1/19/2021,18:00:00,20.0,60.0,26.0,26.0,42.0,4.0,60,PM2.5,Moderate
451,1/19/2021,19:00:00,20.0,59.0,25.0,26.0,43.0,4.0,59,PM2.5,Moderate
452,1/19/2021,20:00:00,20.0,59.0,25.0,26.0,45.0,5.0,59,PM2.5,Moderate
453,1/19/2021,21:00:00,20.0,59.0,25.0,27.0,46.0,5.0,59,PM2.5,Moderate
454,1/19/2021,22:00:00,21.0,60.0,24.0,26.0,47.0,5.0,60,PM2.5,Moderate
455,1/19/2021,23:00:00,21.0,60.0,25.0,26.0,46.0,5.0,60,PM2.5,Moderate
456,1/20/2021,00:00:00,22.0,61.0,24.0,25.0,45.0,5.0,61,PM2.5,Moderate
457,1/20/2021,01:00:00,23.0,62.0,24.0,25.0,45.0,5.0,62,PM2.5,Moderate
458,1/20/2021,02:00:00,24.0,64.0,24.0,26.0,43.0,5.0,64,PM2.5,Moderate
459,1/20/2021,03:00:00,25.0,64.0,24.0,26.0,41.0,5.0,64,PM2.5,Moderate
460,1/20/2021,04:00:00,25.0,65.0,24.0,26.0,40.0,5.0,65,PM2.5,Moderate
461,1/20/2021,05:00:00,25.0,65.0,24.0,26.0,39.0,5.0,65,PM2.5,Moderate
462,1/20/2021,06:00:00,25.0,64.0,24.0,26.0,38.0,5.0,64,PM2.5,Moderate
463,1/20/2021,07:00:00,25.0,63.0,24.0,26.0,37.0,5.0,63,PM2.5,Moderate
464,1/20/2021,08:00:00,24.0,62.0,24.0,26.0,37.0,5.0,62,PM2.5,Moderate
465,1/20/2021,09:00:00,24.0,62.0,24.0,26.0,36.0,5.0,62,PM2.5,Moderate
466,1/20/2021,10:00:00,24.0,61.0,24.0,26.0,35.0,5.0,61,PM2.5,Moderate
467,1/20/2021,11:00:00,24.0,62.0,24.0,26.0,34.0,5.0,62,PM2.5,Moderate
468,1/20/2021,12:00:00,24.0,62.0,24.0,26.0,33.0,5.0,62,PM2.5,Moderate
469,1/20/2021,13:00:00,25.0,62.0,24.0,26.0,33.0,5.0,62,PM2.5,Moderate
470,1/20/2021,14:00:00,25.0,62.0,24.0,26.0,31.0,5.0,62,PM2.5,Moderate
471,1/20/2021,15:00:00,25.0,62.0,24.0,26.0,30.0,5.0,62,PM2.5,Moderate
472,1/20/2021,16:00:00,25.0,62.0,24.0,26.0,28.0,5.0,62,PM2.5,Moderate
473,1/20/2021,17:00:00,25.0,62.0,24.0,26.0,27.0,5.0,62,PM2.5,Moderate
474,1/20/2021,18:00:00,25.0,63.0,24.0,26.0,26.0,5.0,63,PM2.5,Moderate
475,1/20/2021,19:00:00,26.0,63.0,24.0,26.0,25.0,5.0,63,PM2.5,Moderate
476,1/20/2021,20:00:00,26.0,64.0,24.0,26.0,25.0,5.0,64,PM2.5,Moderate
477,1/20/2021,21:00:00,26.0,63.0,24.0,26.0,25.0,5.0,63,PM2.5,Moderate
478,1/20/2021,22:00:00,26.0,63.0,24.0,26.0,25.0,5.0,63,PM2.5,Moderate
479,1/20/2021,23:00:00,25.0,62.0,24.0,27.0,25.0,5.0,62,PM2.5,Moderate
480,1/21/2021,00:00:00,24.0,62.0,24.0,27.0,26.0,5.0,62,PM2.5,Moderate
481,1/21/2021,01:00:00,23.0,60.0,24.0,26.0,26.0,5.0,60,PM2.5,Moderate
482,1/21/2021,02:00:00,22.0,59.0,24.0,26.0,27.0,5.0,59,PM2.5,Moderate
483,1/21/2021,03:00:00,21.0,57.0,24.0,26.0,27.0,5.0,57,PM2.5,Moderate
484,1/21/2021,04:00:00,20.0,56.0,24.0,26.0,27.0,4.0,56,PM2.5,Moderate
485,1/21/2021,05:00:00,20.0,56.0,24.0,26.0,27.0,4.0,56,PM2.5,Moderate
486,1/21/2021,06:00:00,19.0,55.0,24.0,26.0,27.0,4.0,55,PM2.5,Moderate
487,1/21/2021,07:00:00,18.0,54.0,24.0,26.0,27.0,5.0,54,PM2.5,Moderate
488,1/21/2021,08:00:00,18.0,53.0,24.0,26.0,27.0,5.0,53,PM2.5,Moderate
489,1/21/2021,09:00:00,18.0,53.0,24.0,26.0,27.0,5.0,53,PM2.5,Moderate
490,1/21/2021,10:00:00,18.0,53.0,24.0,26.0,27.0,5.0,53,PM2.5,Moderate
491,1/21/2021,11:00:00,17.0,52.0,24.0,26.0,27.0,4.0,52,PM2.5,Moderate
492,1/21/2021,12:00:00,17.0,52.0,24.0,26.0,26.0,4.0,52,PM2.5,Moderate
493,1/21/2021,13:00:00,17.0,52.0,24.0,26.0,26.0,4.0,52,PM2.5,Moderate
494,1/21/2021,14:00:00,16.0,51.0,24.0,26.0,27.0,4.0,51,PM2.5,Moderate
495,1/21/2021,15:00:00,16.0,51.0,24.0,26.0,28.0,4.0,51,PM2.5,Moderate
496,1/21/2021,16:00:00,16.0,51.0,24.0,26.0,29.0,4.0,51,PM2.5,Moderate
497,1/21/2021,17:00:00,16.0,51.0,24.0,26.0,31.0,4.0,51,PM2.5,Moderate
498,1/21/2021,18:00:00,16.0,51.0,24.0,26.0,33.0,4.0,51,PM2.5,Moderate
499,1/21/2021,19:00:00,17.0,52.0,23.0,26.0,35.0,4.0,52,PM2.5,Moderate
500,1/21/2021,20:00:00,17.0,53.0,23.0,27.0,37.0,4.0,53,PM2.5,Moderate
501,1/21/2021,21:00:00,17.0,53.0,23.0,27.0,38.0,4.0,53,PM2.5,Moderate
502,1/21/2021,22:00:00,18.0,54.0,23.0,28.0,39.0,5.0,54,PM2.5,Moderate
503,1/21/2021,23:00:00,18.0,55.0,24.0,28.0,40.0,5.0,55,PM2.5,Moderate
504,1/22/2021,00:00:00,19.0,55.0,24.0,28.0,40.0,5.0,55,PM2.5,Moderate
505,1/22/2021,01:00:00,18.0,55.0,24.0,27.0,39.0,5.0,55,PM2.5,Moderate
506,1/22/2021,02:00:00,18.0,55.0,24.0,27.0,40.0,5.0,55,PM2.5,Moderate
507,1/22/2021,03:00:00,18.0,55.0,24.0,27.0,40.0,5.0,55,PM2.5,Moderate
508,1/22/2021,04:00:00,18.0,54.0,24.0,27.0,40.0,5.0,54,PM2.5,Moderate
509,1/22/2021,05:00:00,17.0,54.0,24.0,27.0,41.0,5.0,54,PM2.5,Moderate
510,1/22/2021,06:00:00,17.0,54.0,24.0,27.0,42.0,5.0,54,PM2.5,Moderate
511,1/22/2021,07:00:00,18.0,54.0,24.0,27.0,42.0,5.0,54,PM2.5,Moderate
512,1/22/2021,08:00:00,18.0,55.0,23.0,27.0,42.0,5.0,55,PM2.5,Moderate
513,1/22/2021,09:00:00,18.0,55.0,23.0,28.0,43.0,5.0,55,PM2.5,Moderate
514,1/22/2021,10:00:00,18.0,56.0,23.0,27.0,43.0,5.0,56,PM2.5,Moderate
515,1/22/2021,11:00:00,18.0,55.0,23.0,27.0,44.0,5.0,55,PM2.5,Moderate
516,1/22/2021,12:00:00,18.0,55.0,23.0,27.0,45.0,5.0,55,PM2.5,Moderate
517,1/22/2021,13:00:00,18.0,55.0,23.0,27.0,45.0,5.0,55,PM2.5,Moderate
518,1/22/2021,14:00:00,18.0,55.0,22.0,27.0,44.0,5.0,55,PM2.5,Moderate
519,1/22/2021,15:00:00,18.0,55.0,22.0,27.0,44.0,5.0,55,PM2.5,Moderate
520,1/22/2021,16:00:00,17.0,55.0,22.0,26.0,44.0,5.0,55,PM2.5,Moderate
521,1/22/2021,17:00:00,17.0,55.0,22.0,26.0,44.0,5.0,55,PM2.5,Moderate
522,1/22/2021,18:00:00,17.0,55.0,22.0,26.0,43.0,5.0,55,PM2.5,Moderate
523,1/22/2021,19:00:00,17.0,54.0,22.0,26.0,43.0,5.0,54,PM2.5,Moderate
524,1/22/2021,20:00:00,16.0,52.0,22.0,26.0,43.0,5.0,52,PM2.5,Moderate
525,1/22/2021,21:00:00,16.0,53.0,22.0,25.0,44.0,5.0,53,PM2.5,Moderate
526,1/22/2021,22:00:00,16.0,53.0,22.0,25.0,44.0,4.0,53,PM2.5,Moderate
527,1/22/2021,23:00:00,16.0,53.0,22.0,24.0,44.0,4.0,53,PM2.5,Moderate
528,1/23/2021,00:00:00,16.0,53.0,22.0,24.0,44.0,4.0,53,PM2.5,Moderate
529,1/23/2021,01:00:00,16.0,53.0,22.0,25.0,45.0,4.0,53,PM2.5,Moderate
530,1/23/2021,02:00:00,17.0,54.0,22.0,25.0,45.0,4.0,54,PM2.5,Moderate
531,1/23/2021,03:00:00,18.0,55.0,22.0,25.0,45.0,4.0,55,PM2.5,Moderate
532,1/23/2021,04:00:00,19.0,57.0,22.0,25.0,44.0,4.0,57,PM2.5,Moderate
533,1/23/2021,05:00:00,20.0,58.0,22.0,25.0,44.0,4.0,58,PM2.5,Moderate
534,1/23/2021,06:00:00,21.0,59.0,22.0,25.0,45.0,4.0,59,PM2.5,Moderate
535,1/23/2021,07:00:00,22.0,60.0,22.0,25.0,45.0,4.0,60,PM2.5,Moderate
536,1/23/2021,08:00:00,23.0,62.0,23.0,25.0,45.0,4.0,62,PM2.5,Moderate
537,1/23/2021,09:00:00,24.0,63.0,23.0,25.0,45.0,4.0,63,PM2.5,Moderate
538,1/23/2021,10:00:00,25.0,64.0,23.0,25.0,46.0,4.0,64,PM2.5,Moderate
539,1/23/2021,11:00:00,26.0,65.0,23.0,25.0,46.0,4.0,65,PM2.5,Moderate
540,1/23/2021,12:00:00,26.0,66.0,23.0,25.0,46.0,4.0,66,PM2.5,Moderate
541,1/23/2021,13:00:00,27.0,66.0,23.0,25.0,47.0,4.0,66,PM2.5,Moderate
542,1/23/2021,14:00:00,27.0,67.0,23.0,26.0,48.0,4.0,67,PM2.5,Moderate
543,1/23/2021,15:00:00,28.0,67.0,23.0,26.0,50.0,4.0,67,PM2.5,Moderate
544,1/23/2021,16:00:00,28.0,68.0,23.0,26.0,51.0,4.0,68,PM2.5,Moderate
545,1/23/2021,17:00:00,29.0,69.0,23.0,26.0,52.0,4.0,69,PM2.5,Moderate
546,1/23/2021,18:00:00,30.0,70.0,23.0,27.0,52.0,5.0,70,PM2.5,Moderate
547,1/23/2021,19:00:00,31.0,71.0,23.0,27.0,53.0,5.0,71,PM2.5,Moderate
548,1/23/2021,20:00:00,32.0,72.0,23.0,27.0,52.0,5.0,72,PM2.5,Moderate
549,1/23/2021,21:00:00,32.0,73.0,23.0,27.0,52.0,5.0,73,PM2.5,Moderate
550,1/23/2021,22:00:00,33.0,73.0,23.0,27.0,51.0,5.0,73,PM2.5,Moderate
551,1/23/2021,23:00:00,33.0,73.0,23.0,27.0,50.0,6.0,73,PM2.5,Moderate
552,1/24/2021,00:00:00,33.0,74.0,23.0,28.0,50.0,6.0,74,PM2.5,Moderate
553,1/24/2021,01:00:00,34.0,76.0,24.0,28.0,49.0,6.0,76,PM2.5,Moderate
554,1/24/2021,02:00:00,35.0,76.0,24.0,28.0,49.0,6.0,76,PM2.5,Moderate
555,1/24/2021,03:00:00,35.0,77.0,23.0,28.0,49.0,6.0,77,PM2.5,Moderate
556,1/24/2021,04:00:00,35.0,77.0,23.0,28.0,49.0,6.0,77,PM2.5,Moderate
557,1/24/2021,05:00:00,34.0,77.0,24.0,28.0,49.0,6.0,77,PM2.5,Moderate
558,1/24/2021,06:00:00,35.0,77.0,24.0,29.0,48.0,7.0,77,PM2.5,Moderate
559,1/24/2021,07:00:00,35.0,77.0,24.0,29.0,47.0,7.0,77,PM2.5,Moderate
560,1/24/2021,08:00:00,35.0,77.0,25.0,29.0,47.0,7.0,77,PM2.5,Moderate
561,1/24/2021,09:00:00,35.0,78.0,25.0,29.0,46.0,7.0,78,PM2.5,Moderate
562,1/24/2021,10:00:00,35.0,77.0,25.0,29.0,46.0,7.0,77,PM2.5,Moderate
563,1/24/2021,11:00:00,34.0,77.0,25.0,29.0,45.0,7.0,77,PM2.5,Moderate
564,1/24/2021,12:00:00,34.0,77.0,25.0,29.0,43.0,7.0,77,PM2.5,Moderate
565,1/24/2021,13:00:00,34.0,77.0,25.0,29.0,42.0,7.0,77,PM2.5,Moderate
566,1/24/2021,14:00:00,34.0,77.0,25.0,29.0,41.0,7.0,77,PM2.5,Moderate
567,1/24/2021,15:00:00,34.0,77.0,25.0,28.0,39.0,7.0,77,PM2.5,Moderate
568,1/24/2021,16:00:00,34.0,77.0,25.0,28.0,37.0,7.0,77,PM2.5,Moderate
569,1/24/2021,17:00:00,34.0,77.0,25.0,28.0,35.0,7.0,77,PM2.5,Moderate
570,1/24/2021,18:00:00,34.0,77.0,24.0,28.0,34.0,6.0,77,PM2.5,Moderate
571,1/24/2021,19:00:00,35.0,78.0,24.0,28.0,33.0,6.0,78,PM2.5,Moderate
572,1/24/2021,20:00:00,35.0,78.0,24.0,27.0,31.0,6.0,78,PM2.5,Moderate
573,1/24/2021,21:00:00,34.0,78.0,24.0,26.0,30.0,6.0,78,PM2.5,Moderate
574,1/24/2021,22:00:00,34.0,78.0,24.0,26.0,29.0,6.0,78,PM2.5,Moderate
575,1/24/2021,23:00:00,34.0,78.0,24.0,25.0,29.0,6.0,78,PM2.5,Moderate
576,1/25/2021,00:00:00,33.0,78.0,24.0,25.0,29.0,5.0,78,PM2.5,Moderate
577,1/25/2021,01:00:00,33.0,78.0,23.0,25.0,28.0,5.0,78,PM2.5,Moderate
578,1/25/2021,02:00:00,33.0,78.0,23.0,25.0,28.0,5.0,78,PM2.5,Moderate
579,1/25/2021,03:00:00,33.0,79.0,23.0,25.0,28.0,5.0,79,PM2.5,Moderate
580,1/25/2021,04:00:00,33.0,79.0,23.0,24.0,28.0,5.0,79,PM2.5,Moderate
581,1/25/2021,05:00:00,33.0,80.0,22.0,24.0,27.0,5.0,80,PM2.5,Moderate
582,1/25/2021,06:00:00,33.0,80.0,22.0,24.0,27.0,5.0,80,PM2.5,Moderate
583,1/25/2021,07:00:00,33.0,80.0,21.0,23.0,27.0,5.0,80,PM2.5,Moderate
584,1/25/2021,08:00:00,33.0,79.0,21.0,23.0,27.0,5.0,79,PM2.5,Moderate
585,1/25/2021,09:00:00,33.0,79.0,21.0,23.0,27.0,5.0,79,PM2.5,Moderate
586,1/25/2021,10:00:00,33.0,79.0,21.0,24.0,27.0,5.0,79,PM2.5,Moderate
587,1/25/2021,11:00:00,33.0,79.0,21.0,24.0,26.0,5.0,79,PM2.5,Moderate
588,1/25/2021,12:00:00,33.0,79.0,21.0,24.0,26.0,5.0,79,PM2.5,Moderate
589,1/25/2021,13:00:00,32.0,79.0,21.0,24.0,25.0,5.0,79,PM2.5,Moderate
590,1/25/2021,14:00:00,32.0,79.0,21.0,24.0,25.0,5.0,79,PM2.5,Moderate
591,1/25/2021,15:00:00,32.0,79.0,21.0,24.0,25.0,5.0,79,PM2.5,Moderate
592,1/25/2021,16:00:00,32.0,78.0,21.0,24.0,24.0,5.0,78,PM2.5,Moderate
593,1/25/2021,17:00:00,32.0,78.0,21.0,24.0,24.0,5.0,78,PM2.5,Moderate
594,1/25/2021,18:00:00,31.0,77.0,21.0,24.0,24.0,4.0,77,PM2.5,Moderate
595,1/25/2021,19:00:00,31.0,77.0,21.0,24.0,24.0,5.0,77,PM2.5,Moderate
596,1/25/2021,20:00:00,31.0,77.0,21.0,24.0,24.0,5.0,77,PM2.5,Moderate
597,1/25/2021,21:00:00,31.0,77.0,21.0,24.0,25.0,5.0,77,PM2.5,Moderate
598,1/25/2021,22:00:00,31.0,76.0,21.0,25.0,26.0,5.0,76,PM2.5,Moderate
599,1/25/2021,23:00:00,31.0,76.0,21.0,25.0,26.0,5.0,76,PM2.5,Moderate
600,1/26/2021,00:00:00,31.0,76.0,21.0,25.0,27.0,5.0,76,PM2.5,Moderate
601,1/26/2021,01:00:00,31.0,75.0,22.0,25.0,27.0,5.0,75,PM2.5,Moderate
602,1/26/2021,02:00:00,30.0,74.0,22.0,25.0,28.0,5.0,74,PM2.5,Moderate
603,1/26/2021,03:00:00,30.0,73.0,22.0,25.0,29.0,5.0,73,PM2.5,Moderate
604,1/26/2021,04:00:00,30.0,73.0,22.0,25.0,29.0,5.0,73,PM2.5,Moderate
605,1/26/2021,05:00:00,29.0,72.0,22.0,25.0,29.0,5.0,72,PM2.5,Moderate
606,1/26/2021,06:00:00,29.0,72.0,22.0,26.0,29.0,5.0,72,PM2.5,Moderate
607,1/26/2021,07:00:00,29.0,72.0,23.0,26.0,30.0,5.0,72,PM2.5,Moderate
608,1/26/2021,08:00:00,29.0,72.0,22.0,25.0,30.0,5.0,72,PM2.5,Moderate
609,1/26/2021,09:00:00,28.0,71.0,22.0,25.0,31.0,4.0,71,PM2.5,Moderate
610,1/26/2021,10:00:00,27.0,70.0,22.0,25.0,32.0,5.0,70,PM2.5,Moderate
611,1/26/2021,11:00:00,27.0,69.0,22.0,25.0,33.0,5.0,69,PM2.5,Moderate
612,1/26/2021,12:00:00,27.0,69.0,22.0,25.0,34.0,5.0,69,PM2.5,Moderate
613,1/26/2021,13:00:00,27.0,68.0,22.0,25.0,36.0,5.0,68,PM2.5,Moderate
614,1/26/2021,14:00:00,26.0,68.0,21.0,24.0,37.0,5.0,68,PM2.5,Moderate
615,1/26/2021,15:00:00,26.0,67.0,21.0,24.0,37.0,5.0,67,PM2.5,Moderate
616,1/26/2021,16:00:00,25.0,67.0,21.0,24.0,38.0,5.0,67,PM2.5,Moderate
617,1/26/2021,17:00:00,24.0,66.0,21.0,24.0,39.0,5.0,66,PM2.5,Moderate
618,1/26/2021,18:00:00,24.0,66.0,21.0,24.0,40.0,4.0,66,PM2.5,Moderate
619,1/26/2021,19:00:00,23.0,65.0,21.0,24.0,40.0,4.0,65,PM2.5,Moderate
620,1/26/2021,20:00:00,22.0,64.0,21.0,24.0,40.0,4.0,64,PM2.5,Moderate
621,1/26/2021,21:00:00,21.0,62.0,21.0,23.0,40.0,4.0,62,PM2.5,Moderate
622,1/26/2021,22:00:00,20.0,61.0,21.0,23.0,39.0,4.0,61,PM2.5,Moderate
623,1/26/2021,23:00:00,19.0,59.0,21.0,22.0,38.0,4.0,59,PM2.5,Moderate
624,1/27/2021,00:00:00,18.0,58.0,21.0,22.0,38.0,4.0,58,PM2.5,Moderate
625,1/27/2021,01:00:00,17.0,56.0,21.0,22.0,37.0,3.0,56,PM2.5,Moderate
626,1/27/2021,02:00:00,16.0,55.0,20.0,22.0,36.0,3.0,55,PM2.5,Moderate
627,1/27/2021,03:00:00,15.0,53.0,20.0,21.0,36.0,3.0,53,PM2.5,Moderate
628,1/27/2021,04:00:00,14.0,51.0,20.0,21.0,35.0,3.0,51,PM2.5,Moderate
629,1/27/2021,05:00:00,13.0,47.0,20.0,21.0,36.0,3.0,47,PM2.5,Good
630,1/27/2021,06:00:00,12.0,41.0,20.0,20.0,36.0,3.0,41,PM2.5,Good
631,1/27/2021,07:00:00,11.0,37.0,20.0,21.0,36.0,3.0,37,PM2.5,Good
632,1/27/2021,08:00:00,10.0,34.0,20.0,21.0,36.0,3.0,36,O3,Good
633,1/27/2021,09:00:00,10.0,31.0,21.0,22.0,36.0,3.0,36,O3,Good
634,1/27/2021,10:00:00,9.0,29.0,21.0,22.0,36.0,3.0,36,O3,Good
635,1/27/2021,11:00:00,8.0,28.0,21.0,22.0,37.0,3.0,37,O3,Good
636,1/27/2021,12:00:00,8.0,26.0,21.0,22.0,37.0,3.0,37,O3,Good
637,1/27/2021,13:00:00,8.0,26.0,21.0,22.0,38.0,3.0,38,O3,Good
638,1/27/2021,14:00:00,8.0,28.0,21.0,22.0,39.0,3.0,39,O3,Good
639,1/27/2021,15:00:00,8.0,27.0,21.0,22.0,39.0,3.0,39,O3,Good
640,1/27/2021,16:00:00,8.0,27.0,21.0,21.0,39.0,3.0,39,O3,Good
641,1/27/2021,17:00:00,7.0,27.0,20.0,21.0,39.0,3.0,39,O3,Good
642,1/27/2021,18:00:00,7.0,26.0,20.0,21.0,39.0,3.0,39,O3,Good
643,1/27/2021,19:00:00,7.0,25.0,20.0,21.0,39.0,3.0,39,O3,Good
644,1/27/2021,20:00:00,6.0,23.0,20.0,21.0,39.0,3.0,39,O3,Good
645,1/27/2021,21:00:00,6.0,23.0,20.0,21.0,39.0,3.0,39,O3,Good
646,1/27/2021,22:00:00,6.0,23.0,20.0,21.0,40.0,3.0,40,O3,Good
647,1/27/2021,23:00:00,6.0,23.0,20.0,21.0,41.0,3.0,41,O3,Good
648,1/28/2021,00:00:00,6.0,23.0,20.0,21.0,41.0,3.0,41,O3,Good
649,1/28/2021,01:00:00,6.0,23.0,20.0,21.0,41.0,3.0,41,O3,Good
650,1/28/2021,02:00:00,6.0,23.0,20.0,21.0,41.0,3.0,41,O3,Good
651,1/28/2021,03:00:00,6.0,23.0,20.0,21.0,42.0,3.0,42,O3,Good
652,1/28/2021,04:00:00,6.0,23.0,20.0,21.0,42.0,3.0,42,O3,Good
653,1/28/2021,05:00:00,6.0,23.0,20.0,21.0,41.0,3.0,41,O3,Good
654,1/28/2021,06:00:00,6.0,23.0,20.0,21.0,40.0,3.0,40,O3,Good
655,1/28/2021,07:00:00,6.0,22.0,19.0,20.0,40.0,3.0,40,O3,Good
656,1/28/2021,08:00:00,6.0,20.0,18.0,19.0,39.0,3.0,39,O3,Good
657,1/28/2021,09:00:00,5.0,18.0,18.0,18.0,38.0,3.0,38,O3,Good
658,1/28/2021,10:00:00,5.0,17.0,17.0,18.0,37.0,3.0,37,O3,Good
659,1/28/2021,11:00:00,5.0,17.0,17.0,17.0,36.0,2.0,36,O3,Good
660,1/28/2021,12:00:00,5.0,16.0,17.0,17.0,35.0,2.0,35,O3,Good
661,1/28/2021,13:00:00,4.0,15.0,17.0,17.0,35.0,2.0,35,O3,Good
662,1/28/2021,14:00:00,4.0,13.0,17.0,17.0,35.0,2.0,35,O3,Good
663,1/28/2021,15:00:00,4.0,12.0,17.0,17.0,35.0,2.0,35,O3,Good
664,1/28/2021,16:00:00,4.0,12.0,17.0,18.0,35.0,2.0,35,O3,Good
665,1/28/2021,17:00:00,4.0,13.0,17.0,18.0,35.0,2.0,35,O3,Good
666,1/28/2021,18:00:00,4.0,13.0,17.0,18.0,36.0,2.0,36,O3,Good
667,1/28/2021,19:00:00,4.0,13.0,17.0,19.0,36.0,2.0,36,O3,Good
668,1/28/2021,20:00:00,4.0,13.0,17.0,19.0,37.0,2.0,37,O3,Good
669,1/28/2021,21:00:00,4.0,13.0,18.0,20.0,37.0,2.0,37,O3,Good
670,1/28/2021,22:00:00,4.0,14.0,18.0,20.0,37.0,3.0,37,O3,Good
671,1/28/2021,23:00:00,5.0,16.0,18.0,21.0,37.0,3.0,37,O3,Good
672,1/29/2021,00:00:00,5.0,18.0,18.0,22.0,37.0,3.0,37,O3,Good
673,1/29/2021,01:00:00,6.0,20.0,18.0,23.0,38.0,3.0,38,O3,Good
674,1/29/2021,02:00:00,6.0,22.0,19.0,23.0,38.0,3.0,38,O3,Good
675,1/29/2021,03:00:00,7.0,23.0,19.0,24.0,39.0,3.0,39,O3,Good
676,1/29/2021,04:00:00,7.0,25.0,19.0,24.0,40.0,3.0,40,O3,Good
677,1/29/2021,05:00:00,8.0,27.0,19.0,24.0,41.0,3.0,41,O3,Good
678,1/29/2021,06:00:00,9.0,30.0,19.0,25.0,41.0,3.0,41,O3,Good
679,1/29/2021,07:00:00,9.0,33.0,19.0,25.0,42.0,3.0,42,O3,Good
680,1/29/2021,08:00:00,10.0,38.0,20.0,25.0,42.0,3.0,42,O3,Good
681,1/29/2021,09:00:00,11.0,44.0,20.0,26.0,42.0,3.0,44,PM2.5,Good
682,1/29/2021,10:00:00,12.0,48.0,20.0,27.0,42.0,3.0,48,PM2.5,Good
683,1/29/2021,11:00:00,13.0,50.0,21.0,27.0,42.0,3.0,50,PM2.5,Good
684,1/29/2021,12:00:00,14.0,51.0,21.0,28.0,42.0,4.0,51,PM2.5,Moderate
685,1/29/2021,13:00:00,15.0,52.0,21.0,28.0,42.0,4.0,52,PM2.5,Moderate
686,1/29/2021,14:00:00,16.0,53.0,21.0,28.0,41.0,4.0,53,PM2.5,Moderate
687,1/29/2021,15:00:00,16.0,55.0,21.0,29.0,40.0,4.0,55,PM2.5,Moderate
688,1/29/2021,16:00:00,17.0,56.0,21.0,29.0,40.0,4.0,56,PM2.5,Moderate
689,1/29/2021,17:00:00,17.0,56.0,21.0,29.0,40.0,4.0,56,PM2.5,Moderate
690,1/29/2021,18:00:00,17.0,57.0,21.0,29.0,39.0,4.0,57,PM2.5,Moderate
691,1/29/2021,19:00:00,17.0,57.0,21.0,29.0,39.0,4.0,57,PM2.5,Moderate
692,1/29/2021,20:00:00,17.0,58.0,21.0,30.0,38.0,4.0,58,PM2.5,Moderate
693,1/29/2021,21:00:00,18.0,58.0,21.0,30.0,39.0,4.0,58,PM2.5,Moderate
694,1/29/2021,22:00:00,18.0,58.0,21.0,31.0,39.0,4.0,58,PM2.5,Moderate
695,1/29/2021,23:00:00,18.0,59.0,21.0,31.0,40.0,4.0,59,PM2.5,Moderate
696,1/30/2021,00:00:00,18.0,60.0,21.0,31.0,42.0,4.0,60,PM2.5,Moderate
697,1/30/2021,01:00:00,19.0,61.0,21.0,31.0,43.0,4.0,61,PM2.5,Moderate
698,1/30/2021,02:00:00,19.0,61.0,21.0,31.0,43.0,4.0,61,PM2.5,Moderate
699,1/30/2021,03:00:00,19.0,62.0,21.0,31.0,44.0,4.0,62,PM2.5,Moderate
700,1/30/2021,04:00:00,19.0,62.0,21.0,31.0,44.0,4.0,62,PM2.5,Moderate
701,1/30/2021,05:00:00,19.0,63.0,21.0,32.0,45.0,4.0,63,PM2.5,Moderate
702,1/30/2021,06:00:00,20.0,63.0,21.0,32.0,45.0,4.0,63,PM2.5,Moderate
703,1/30/2021,07:00:00,20.0,64.0,21.0,32.0,45.0,4.0,64,PM2.5,Moderate
704,1/30/2021,08:00:00,20.0,64.0,21.0,32.0,46.0,4.0,64,PM2.5,Moderate
705,1/30/2021,09:00:00,20.0,65.0,22.0,32.0,47.0,4.0,65,PM2.5,Moderate
706,1/30/2021,10:00:00,20.0,65.0,22.0,32.0,47.0,4.0,65,PM2.5,Moderate
707,1/30/2021,11:00:00,21.0,66.0,22.0,32.0,48.0,4.0,66,PM2.5,Moderate
708,1/30/2021,12:00:00,21.0,67.0,22.0,32.0,49.0,4.0,67,PM2.5,Moderate
709,1/30/2021,13:00:00,22.0,67.0,22.0,32.0,50.0,4.0,67,PM2.5,Moderate
710,1/30/2021,14:00:00,22.0,68.0,22.0,32.0,51.0,4.0,68,PM2.5,Moderate
711,1/30/2021,15:00:00,23.0,68.0,23.0,32.0,52.0,4.0,68,PM2.5,Moderate
712,1/30/2021,16:00:00,23.0,67.0,23.0,32.0,52.0,4.0,67,PM2.5,Moderate
713,1/30/2021,17:00:00,23.0,67.0,23.0,32.0,53.0,4.0,67,PM2.5,Moderate
714,1/30/2021,18:00:00,23.0,67.0,23.0,32.0,54.0,5.0,67,PM2.5,Moderate
715,1/30/2021,19:00:00,23.0,67.0,23.0,33.0,54.0,5.0,67,PM2.5,Moderate
716,1/30/2021,20:00:00,24.0,69.0,23.0,33.0,55.0,5.0,69,PM2.5,Moderate
717,1/30/2021,21:00:00,25.0,70.0,23.0,32.0,55.0,5.0,70,PM2.5,Moderate
718,1/30/2021,22:00:00,25.0,71.0,22.0,31.0,55.0,5.0,71,PM2.5,Moderate
719,1/30/2021,23:00:00,26.0,71.0,22.0,31.0,54.0,5.0,71,PM2.5,Moderate
720,1/31/2021,00:00:00,26.0,71.0,22.0,31.0,53.0,6.0,71,PM2.5,Moderate
721,1/31/2021,01:00:00,27.0,72.0,22.0,31.0,51.0,6.0,72,PM2.5,Moderate
722,1/31/2021,02:00:00,27.0,72.0,22.0,30.0,50.0,6.0,72,PM2.5,Moderate
723,1/31/2021,03:00:00,27.0,73.0,22.0,30.0,49.0,6.0,73,PM2.5,Moderate
724,1/31/2021,04:00:00,28.0,73.0,23.0,29.0,48.0,5.0,73,PM2.5,Moderate
725,1/31/2021,05:00:00,28.0,73.0,23.0,29.0,47.0,5.0,73,PM2.5,Moderate
726,1/31/2021,06:00:00,28.0,74.0,23.0,29.0,47.0,5.0,74,PM2.5,Moderate
727,1/31/2021,07:00:00,28.0,74.0,22.0,29.0,46.0,6.0,74,PM2.5,Moderate
728,1/31/2021,08:00:00,28.0,73.0,22.0,28.0,46.0,6.0,73,PM2.5,Moderate
729,1/31/2021,09:00:00,28.0,72.0,21.0,28.0,45.0,5.0,72,PM2.5,Moderate
730,1/31/2021,10:00:00,27.0,71.0,21.0,27.0,44.0,5.0,71,PM2.5,Moderate
731,1/31/2021,11:00:00,27.0,70.0,21.0,27.0,44.0,6.0,70,PM2.5,Moderate
732,1/31/2021,12:00:00,27.0,69.0,21.0,27.0,43.0,6.0,69,PM2.5,Moderate
733,1/31/2021,13:00:00,26.0,68.0,21.0,26.0,43.0,6.0,68,PM2.5,Moderate
734,1/31/2021,14:00:00,25.0,67.0,20.0,26.0,42.0,6.0,67,PM2.5,Moderate
735,1/31/2021,15:00:00,25.0,66.0,20.0,26.0,41.0,6.0,66,PM2.5,Moderate
736,1/31/2021,16:00:00,25.0,66.0,20.0,25.0,41.0,6.0,66,PM2.5,Moderate
737,1/31/2021,17:00:00,25.0,66.0,20.0,26.0,40.0,6.0,66,PM2.5,Moderate
738,1/31/2021,18:00:00,25.0,66.0,20.0,25.0,40.0,6.0,66,PM2.5,Moderate
739,1/31/2021,19:00:00,25.0,66.0,19.0,25.0,40.0,6.0,66,PM2.5,Moderate
740,1/31/2021,20:00:00,24.0,65.0,19.0,24.0,39.0,5.0,65,PM2.5,Moderate
741,1/31/2021,21:00:00,23.0,64.0,19.0,24.0,38.0,5.0,64,PM2.5,Moderate
742,1/31/2021,22:00:00,23.0,63.0,19.0,24.0,38.0,5.0,63,PM2.5,Moderate
743,1/31/2021,23:00:00,22.0,62.0,19.0,24.0,39.0,5.0,62,PM2.5,Moderate
