Date,Time,PM10,PM2.5,SO2,CO,O3,NO2,Max,Critical Component,Category
10/1/2021,00:00:00,19,35,0,7,5,4,35,PM2.5,Good
10/1/2021,01:00:00,19,35,0,7,5,4,35,PM2.5,Good
10/1/2021,02:00:00,18,34,0,7,6,4,34,PM2.5,Good
10/1/2021,03:00:00,16,30,0,7,7,4,30,PM2.5,Good
10/1/2021,04:00:00,16,30,0,7,8,4,30,PM2.5,Good
10/1/2021,05:00:00,16,29,1,7,9,4,29,PM2.5,Good
10/1/2021,06:00:00,16,29,1,7,11,4,29,PM2.5,Good
10/1/2021,07:00:00,16,30,1,7,12,4,30,PM2.5,Good
10/1/2021,08:00:00,16,30,2,7,13,4,30,PM2.5,Good
10/1/2021,09:00:00,16,29,2,7,14,4,29,PM2.5,Good
10/1/2021,10:00:00,16,29,2,7,14,4,29,PM2.5,Good
10/1/2021,11:00:00,15,28,2,7,14,4,28,PM2.5,Good
10/1/2021,12:00:00,15,27,2,7,14,4,27,PM2.5,Good
10/1/2021,13:00:00,14,26,2,7,14,4,26,PM2.5,Good
10/1/2021,14:00:00,13,25,2,6,14,4,25,PM2.5,Good
10/1/2021,15:00:00,13,24,2,6,14,4,24,PM2.5,Good
10/1/2021,16:00:00,12,23,2,6,14,4,23,PM2.5,Good
10/1/2021,17:00:00,12,23,2,6,14,4,23,PM2.5,Good
10/1/2021,18:00:00,12,23,2,6,14,4,23,PM2.5,Good
10/1/2021,19:00:00,12,23,2,6,14,4,23,PM2.5,Good
10/1/2021,20:00:00,12,23,2,6,14,4,23,PM2.5,Good
10/1/2021,21:00:00,12,23,2,6,15,4,23,PM2.5,Good
10/1/2021,22:00:00,13,24,2,7,16,4,24,PM2.5,Good
10/1/2021,23:00:00,13,25,2,7,17,4,25,PM2.5,Good
10/2/2021,00:00:00,14,26,2,7,18,4,26,PM2.5,Good
10/2/2021,01:00:00,15,27,2,7,19,4,27,PM2.5,Good
10/2/2021,02:00:00,16,28,3,8,21,4,28,PM2.5,Good
10/2/2021,03:00:00,16,28,4,8,22,3,28,PM2.5,Good
10/2/2021,04:00:00,16,29,4,8,24,3,29,PM2.5,Good
10/2/2021,05:00:00,16,29,5,8,24,3,29,PM2.5,Good
10/2/2021,06:00:00,16,29,5,8,25,3,29,PM2.5,Good
10/2/2021,07:00:00,17,30,6,8,25,3,30,PM2.5,Good
10/2/2021,08:00:00,16,29,6,8,26,3,29,PM2.5,Good
10/2/2021,09:00:00,16,29,7,7,27,3,29,PM2.5,Good
10/2/2021,10:00:00,16,29,7,7,29,3,29,PM2.5,Good
10/2/2021,11:00:00,16,29,8,7,31,3,31,O3,Good
10/2/2021,12:00:00,17,29,8,7,33,3,33,O3,Good
10/2/2021,13:00:00,17,30,9,7,35,3,35,O3,Good
10/2/2021,14:00:00,17,30,9,7,36,3,36,O3,Good
10/2/2021,15:00:00,17,30,9,7,38,3,38,O3,Good
10/2/2021,16:00:00,17,30,10,7,40,3,40,O3,Good
10/2/2021,17:00:00,17,30,10,7,41,3,41,O3,Good
10/2/2021,18:00:00,17,29,11,7,44,3,44,O3,Good
10/2/2021,19:00:00,16,29,12,7,46,3,46,O3,Good
10/2/2021,20:00:00,16,28,13,7,48,3,48,O3,Good
10/2/2021,21:00:00,15,27,14,7,50,3,50,O3,Good
10/2/2021,22:00:00,15,26,15,6,52,3,52,O3,Moderate
10/2/2021,23:00:00,14,25,16,6,54,3,54,O3,Moderate
10/3/2021,00:00:00,13,23,16,5,56,3,56,O3,Moderate
10/3/2021,01:00:00,12,22,17,5,57,3,57,O3,Moderate
10/3/2021,02:00:00,11,21,18,5,58,3,58,O3,Moderate
10/3/2021,03:00:00,11,20,19,5,59,3,59,O3,Moderate
10/3/2021,04:00:00,10,19,19,5,59,4,59,O3,Moderate
10/3/2021,05:00:00,10,19,20,5,59,4,59,O3,Moderate
10/3/2021,06:00:00,10,18,20,5,60,4,60,O3,Moderate
10/3/2021,07:00:00,10,18,21,5,61,4,61,O3,Moderate
10/3/2021,08:00:00,10,18,21,5,61,4,61,O3,Moderate
10/3/2021,09:00:00,10,18,21,4,62,4,62,O3,Moderate
10/3/2021,10:00:00,10,18,22,4,63,4,63,O3,Moderate
10/3/2021,11:00:00,10,18,22,4,63,4,63,O3,Moderate
10/3/2021,12:00:00,10,18,23,4,64,4,64,O3,Moderate
10/3/2021,13:00:00,10,18,23,4,64,4,64,O3,Moderate
10/3/2021,14:00:00,10,18,23,4,65,4,65,O3,Moderate
10/3/2021,15:00:00,10,18,24,4,65,4,65,O3,Moderate
10/3/2021,16:00:00,10,18,24,4,66,4,66,O3,Moderate
10/3/2021,17:00:00,10,18,24,4,67,4,67,O3,Moderate
10/3/2021,18:00:00,10,18,24,4,67,4,67,O3,Moderate
10/3/2021,19:00:00,10,18,24,4,67,4,67,O3,Moderate
10/3/2021,20:00:00,10,18,24,4,68,4,68,O3,Moderate
10/3/2021,21:00:00,10,18,24,4,68,4,68,O3,Moderate
10/3/2021,22:00:00,10,18,24,4,68,5,68,O3,Moderate
10/3/2021,23:00:00,10,18,24,4,69,5,69,O3,Moderate
10/4/2021,00:00:00,10,19,24,4,68,5,68,O3,Moderate
10/4/2021,01:00:00,10,19,25,4,68,5,68,O3,Moderate
10/4/2021,02:00:00,10,20,25,4,67,5,67,O3,Moderate
10/4/2021,03:00:00,11,20,25,4,67,5,67,O3,Moderate
10/4/2021,04:00:00,11,21,26,4,,5,26,SO2,Good
10/4/2021,05:00:00,11,21,26,4,,5,26,SO2,Good
10/4/2021,06:00:00,11,21,26,4,,5,26,SO2,Good
10/4/2021,07:00:00,11,21,26,5,,5,26,SO2,Good
10/4/2021,08:00:00,11,20,26,5,,5,26,SO2,Good
10/4/2021,09:00:00,11,20,26,5,,6,26,SO2,Good
10/4/2021,10:00:00,,,,,,,0,,Good
10/4/2021,11:00:00,,,,,,,0,,Good
10/4/2021,12:00:00,,,,,,,0,,Good
10/4/2021,13:00:00,10,19,27,6,,6,27,SO2,Good
10/4/2021,14:00:00,10,19,26,6,,6,26,SO2,Good
10/4/2021,15:00:00,10,19,25,6,,6,25,SO2,Good
10/4/2021,16:00:00,10,19,24,7,,6,24,SO2,Good
10/4/2021,17:00:00,10,19,23,7,,6,23,SO2,Good
10/4/2021,18:00:00,10,19,23,7,,6,23,SO2,Good
10/4/2021,19:00:00,10,19,22,7,,6,22,SO2,Good
10/4/2021,20:00:00,10,19,21,8,,6,21,SO2,Good
10/4/2021,21:00:00,10,20,19,8,,5,20,PM2.5,Good
10/4/2021,22:00:00,11,21,18,8,,5,21,PM2.5,Good
10/4/2021,23:00:00,12,23,17,9,,5,23,PM2.5,Good
10/5/2021,00:00:00,13,24,16,9,,5,24,PM2.5,Good
10/5/2021,01:00:00,13,25,14,9,,5,25,PM2.5,Good
10/5/2021,02:00:00,13,24,12,9,,5,24,PM2.5,Good
10/5/2021,03:00:00,13,24,11,9,,5,24,PM2.5,Good
10/5/2021,04:00:00,13,24,9,9,20,5,24,PM2.5,Good
10/5/2021,05:00:00,13,24,7,9,21,5,24,PM2.5,Good
10/5/2021,06:00:00,14,25,6,9,21,5,25,PM2.5,Good
10/5/2021,07:00:00,14,26,4,9,18,5,26,PM2.5,Good
10/5/2021,08:00:00,15,28,3,9,15,5,28,PM2.5,Good
10/5/2021,09:00:00,16,29,1,10,12,5,29,PM2.5,Good
10/5/2021,10:00:00,16,29,1,10,12,4,29,PM2.5,Good
10/5/2021,11:00:00,16,29,1,10,11,4,29,PM2.5,Good
10/5/2021,12:00:00,16,30,1,10,11,4,30,PM2.5,Good
10/5/2021,13:00:00,16,29,1,10,10,4,29,PM2.5,Good
10/5/2021,14:00:00,16,29,1,10,10,4,29,PM2.5,Good
10/5/2021,15:00:00,16,29,1,10,10,4,29,PM2.5,Good
10/5/2021,16:00:00,16,28,1,10,10,4,28,PM2.5,Good
10/5/2021,17:00:00,15,28,1,10,10,4,28,PM2.5,Good
10/5/2021,18:00:00,15,28,1,9,10,4,28,PM2.5,Good
10/5/2021,19:00:00,15,28,1,9,10,4,28,PM2.5,Good
10/5/2021,20:00:00,15,28,1,9,10,4,28,PM2.5,Good
10/5/2021,21:00:00,15,27,1,8,10,4,27,PM2.5,Good
10/5/2021,22:00:00,14,26,1,8,10,4,26,PM2.5,Good
10/5/2021,23:00:00,13,24,1,7,10,4,24,PM2.5,Good
10/6/2021,00:00:00,12,23,1,7,10,4,23,PM2.5,Good
10/6/2021,01:00:00,12,22,1,7,10,4,22,PM2.5,Good
10/6/2021,02:00:00,12,22,1,7,10,4,22,PM2.5,Good
10/6/2021,03:00:00,12,22,2,7,11,4,22,PM2.5,Good
10/6/2021,04:00:00,11,22,2,7,12,4,22,PM2.5,Good
10/6/2021,05:00:00,11,21,3,7,14,4,21,PM2.5,Good
10/6/2021,06:00:00,11,20,3,7,15,4,20,PM2.5,Good
10/6/2021,07:00:00,10,19,3,7,15,4,19,PM2.5,Good
10/6/2021,08:00:00,10,18,3,7,16,3,18,PM2.5,Good
10/6/2021,09:00:00,9,16,3,6,17,3,17,O3,Good
10/6/2021,10:00:00,8,16,3,6,17,3,17,O3,Good
10/6/2021,11:00:00,8,15,3,6,18,4,18,O3,Good
10/6/2021,12:00:00,7,14,3,5,19,4,19,O3,Good
10/6/2021,13:00:00,7,14,4,5,20,4,20,O3,Good
10/6/2021,14:00:00,7,14,4,5,21,4,21,O3,Good
10/6/2021,15:00:00,7,14,4,5,21,4,21,O3,Good
10/6/2021,16:00:00,7,14,4,5,22,4,22,O3,Good
10/6/2021,17:00:00,8,14,4,5,23,4,23,O3,Good
10/6/2021,18:00:00,8,14,4,5,24,4,24,O3,Good
10/6/2021,19:00:00,7,14,4,5,25,4,25,O3,Good
10/6/2021,20:00:00,7,14,4,6,27,4,27,O3,Good
10/6/2021,21:00:00,7,14,5,6,29,4,29,O3,Good
10/6/2021,22:00:00,7,14,5,7,31,4,31,O3,Good
10/6/2021,23:00:00,7,14,5,7,33,4,33,O3,Good
10/7/2021,00:00:00,7,14,6,7,34,4,34,O3,Good
10/7/2021,01:00:00,7,14,6,7,35,5,35,O3,Good
10/7/2021,02:00:00,7,14,6,7,36,5,36,O3,Good
10/7/2021,03:00:00,7,14,6,7,36,5,36,O3,Good
10/7/2021,04:00:00,7,14,6,7,36,5,36,O3,Good
10/7/2021,05:00:00,7,13,6,7,36,5,36,O3,Good
10/7/2021,06:00:00,7,13,6,7,36,5,36,O3,Good
10/7/2021,07:00:00,7,14,6,7,37,6,37,O3,Good
10/7/2021,08:00:00,8,15,6,7,37,6,37,O3,Good
10/7/2021,09:00:00,8,15,6,8,37,6,37,O3,Good
10/7/2021,10:00:00,8,15,6,8,38,6,38,O3,Good
10/7/2021,11:00:00,8,15,6,8,38,6,38,O3,Good
10/7/2021,12:00:00,8,16,6,8,38,6,38,O3,Good
10/7/2021,13:00:00,9,16,6,8,39,6,39,O3,Good
10/7/2021,14:00:00,9,16,6,8,39,6,39,O3,Good
10/7/2021,15:00:00,8,15,6,8,38,6,38,O3,Good
10/7/2021,16:00:00,8,15,6,8,37,6,37,O3,Good
10/7/2021,17:00:00,8,15,6,8,36,6,36,O3,Good
10/7/2021,18:00:00,8,15,6,8,35,6,35,O3,Good
10/7/2021,19:00:00,8,16,6,8,34,6,34,O3,Good
10/7/2021,20:00:00,9,16,6,8,32,6,32,O3,Good
10/7/2021,21:00:00,9,16,6,8,30,6,30,O3,Good
10/7/2021,22:00:00,9,16,5,8,27,6,27,O3,Good
10/7/2021,23:00:00,9,16,5,8,26,6,26,O3,Good
10/8/2021,00:00:00,9,17,4,8,24,6,24,O3,Good
10/8/2021,01:00:00,10,18,4,8,22,6,22,O3,Good
10/8/2021,02:00:00,10,19,4,8,20,6,20,O3,Good
10/8/2021,03:00:00,10,19,3,8,18,6,19,PM2.5,Good
10/8/2021,04:00:00,11,20,3,8,15,6,20,PM2.5,Good
10/8/2021,05:00:00,11,20,2,8,13,6,20,PM2.5,Good
10/8/2021,06:00:00,11,20,1,8,12,6,20,PM2.5,Good
10/8/2021,07:00:00,11,19,1,7,10,5,19,PM2.5,Good
10/8/2021,08:00:00,10,19,1,7,9,5,19,PM2.5,Good
10/8/2021,09:00:00,10,19,0,7,8,5,19,PM2.5,Good
10/8/2021,10:00:00,11,21,0,7,7,5,21,PM2.5,Good
10/8/2021,11:00:00,12,22,0,7,6,5,22,PM2.5,Good
10/8/2021,12:00:00,12,23,0,7,6,5,23,PM2.5,Good
10/8/2021,13:00:00,12,23,0,7,6,5,23,PM2.5,Good
10/8/2021,14:00:00,12,23,0,7,5,5,23,PM2.5,Good
10/8/2021,15:00:00,12,23,0,7,5,5,23,PM2.5,Good
10/8/2021,16:00:00,13,23,0,7,5,5,23,PM2.5,Good
10/8/2021,17:00:00,13,24,0,7,5,5,24,PM2.5,Good
10/8/2021,18:00:00,13,24,0,7,5,5,24,PM2.5,Good
10/8/2021,19:00:00,13,25,0,7,5,5,25,PM2.5,Good
10/8/2021,20:00:00,13,25,0,7,5,5,25,PM2.5,Good
10/8/2021,21:00:00,13,25,0,7,5,5,25,PM2.5,Good
10/8/2021,22:00:00,13,25,0,7,5,5,25,PM2.5,Good
10/8/2021,23:00:00,14,26,0,6,5,4,26,PM2.5,Good
10/9/2021,00:00:00,13,25,0,6,4,4,25,PM2.5,Good
10/9/2021,01:00:00,12,24,0,6,5,4,24,PM2.5,Good
10/9/2021,02:00:00,12,24,0,6,4,4,24,PM2.5,Good
10/9/2021,03:00:00,12,24,0,6,4,4,24,PM2.5,Good
10/9/2021,04:00:00,12,24,0,6,4,4,24,PM2.5,Good
10/9/2021,05:00:00,12,24,0,6,4,4,24,PM2.5,Good
10/9/2021,06:00:00,12,24,0,6,4,4,24,PM2.5,Good
10/9/2021,07:00:00,13,24,0,6,5,4,24,PM2.5,Good
10/9/2021,08:00:00,13,25,0,6,5,4,25,PM2.5,Good
10/9/2021,09:00:00,12,24,0,6,5,4,24,PM2.5,Good
10/9/2021,10:00:00,12,23,0,5,5,4,23,PM2.5,Good
10/9/2021,11:00:00,12,22,0,5,5,4,22,PM2.5,Good
10/9/2021,12:00:00,12,22,0,5,4,4,22,PM2.5,Good
10/9/2021,13:00:00,12,22,0,5,3,4,22,PM2.5,Good
10/9/2021,14:00:00,12,22,0,4,3,4,22,PM2.5,Good
10/9/2021,15:00:00,12,23,0,4,4,3,23,PM2.5,Good
10/9/2021,16:00:00,12,23,0,4,4,3,23,PM2.5,Good
10/9/2021,17:00:00,12,23,0,4,5,4,23,PM2.5,Good
10/9/2021,18:00:00,12,23,0,4,6,4,23,PM2.5,Good
10/9/2021,19:00:00,12,23,0,4,8,4,23,PM2.5,Good
10/9/2021,20:00:00,12,23,0,4,10,4,23,PM2.5,Good
10/9/2021,21:00:00,12,23,1,4,11,4,23,PM2.5,Good
10/9/2021,22:00:00,12,23,1,5,13,4,23,PM2.5,Good
10/9/2021,23:00:00,12,23,1,5,14,4,23,PM2.5,Good
10/10/2021,00:00:00,12,22,2,5,16,4,22,PM2.5,Good
10/10/2021,01:00:00,12,23,2,5,18,4,23,PM2.5,Good
10/10/2021,02:00:00,12,23,2,5,20,4,23,PM2.5,Good
10/10/2021,03:00:00,12,23,3,5,22,4,23,PM2.5,Good
10/10/2021,04:00:00,12,23,3,5,24,4,24,O3,Good
10/10/2021,05:00:00,12,23,4,5,26,4,26,O3,Good
10/10/2021,06:00:00,12,22,5,5,28,4,28,O3,Good
10/10/2021,07:00:00,12,22,6,5,30,4,30,O3,Good
10/10/2021,08:00:00,12,22,6,5,32,4,32,O3,Good
10/10/2021,09:00:00,12,22,7,5,33,4,33,O3,Good
10/10/2021,10:00:00,12,23,7,5,35,4,35,O3,Good
10/10/2021,11:00:00,12,23,8,5,36,4,36,O3,Good
10/10/2021,12:00:00,12,23,8,5,37,4,37,O3,Good
10/10/2021,13:00:00,12,23,8,5,39,4,39,O3,Good
10/10/2021,14:00:00,12,23,9,5,40,4,40,O3,Good
10/10/2021,15:00:00,12,23,9,5,42,4,42,O3,Good
10/10/2021,16:00:00,12,23,9,5,43,4,43,O3,Good
10/10/2021,17:00:00,12,23,10,5,43,4,43,O3,Good
10/10/2021,18:00:00,12,23,10,4,44,4,44,O3,Good
10/10/2021,19:00:00,12,23,11,4,46,4,46,O3,Good
10/10/2021,20:00:00,12,23,12,4,46,4,46,O3,Good
10/10/2021,21:00:00,12,23,13,4,47,4,47,O3,Good
10/10/2021,22:00:00,12,22,14,4,47,4,47,O3,Good
10/10/2021,23:00:00,12,22,15,4,47,4,47,O3,Good
10/11/2021,00:00:00,12,22,16,4,49,4,49,O3,Good
10/11/2021,01:00:00,12,22,17,4,51,4,51,O3,Moderate
10/11/2021,02:00:00,12,22,17,4,52,4,52,O3,Moderate
10/11/2021,03:00:00,12,22,18,4,53,5,53,O3,Moderate
10/11/2021,04:00:00,12,22,19,4,53,5,53,O3,Moderate
10/11/2021,05:00:00,12,22,20,4,,5,22,PM2.5,Good
10/11/2021,06:00:00,12,22,21,4,,5,22,PM2.5,Good
10/11/2021,07:00:00,12,22,22,4,,5,22,PM2.5,Good
10/11/2021,08:00:00,11,22,23,4,,5,23,SO2,Good
10/11/2021,09:00:00,12,22,24,4,,5,24,SO2,Good
10/11/2021,10:00:00,12,22,25,4,,5,25,SO2,Good
10/11/2021,11:00:00,12,22,25,4,,5,25,SO2,Good
10/11/2021,12:00:00,12,22,25,5,,5,25,SO2,Good
10/11/2021,13:00:00,12,22,24,5,,5,24,SO2,Good
10/11/2021,14:00:00,12,22,24,5,,5,24,SO2,Good
10/11/2021,15:00:00,12,22,24,5,,5,24,SO2,Good
10/11/2021,16:00:00,12,22,23,5,,5,23,SO2,Good
10/11/2021,17:00:00,12,22,23,5,,5,23,SO2,Good
10/11/2021,18:00:00,11,22,22,5,,5,22,PM2.5,Good
10/11/2021,19:00:00,11,22,21,5,,5,22,PM2.5,Good
10/11/2021,20:00:00,11,21,20,5,,5,21,PM2.5,Good
10/11/2021,21:00:00,11,21,19,5,,5,21,PM2.5,Good
10/11/2021,22:00:00,11,21,18,6,,5,21,PM2.5,Good
10/11/2021,23:00:00,11,22,17,6,,5,22,PM2.5,Good
10/12/2021,00:00:00,11,22,15,6,,5,22,PM2.5,Good
10/12/2021,01:00:00,12,22,14,6,,5,22,PM2.5,Good
10/12/2021,02:00:00,12,23,13,6,,4,23,PM2.5,Good
10/12/2021,03:00:00,13,24,12,6,9,4,24,PM2.5,Good
10/12/2021,04:00:00,13,24,10,6,11,4,24,PM2.5,Good
10/12/2021,05:00:00,13,25,9,6,13,4,25,PM2.5,Good
10/12/2021,06:00:00,13,25,8,6,14,4,25,PM2.5,Good
10/12/2021,07:00:00,14,25,7,6,13,4,25,PM2.5,Good
10/12/2021,08:00:00,14,25,6,6,14,4,25,PM2.5,Good
10/12/2021,09:00:00,13,25,5,6,13,4,25,PM2.5,Good
10/12/2021,10:00:00,13,24,3,6,13,4,24,PM2.5,Good
10/12/2021,11:00:00,13,24,3,6,12,4,24,PM2.5,Good
10/12/2021,12:00:00,13,24,3,6,12,4,24,PM2.5,Good
10/12/2021,13:00:00,13,24,3,6,12,4,24,PM2.5,Good
10/12/2021,14:00:00,13,23,3,6,12,4,23,PM2.5,Good
10/12/2021,15:00:00,13,24,3,6,12,4,24,PM2.5,Good
10/12/2021,16:00:00,13,24,3,6,12,4,24,PM2.5,Good
10/12/2021,17:00:00,13,24,3,6,12,4,24,PM2.5,Good
10/12/2021,18:00:00,13,24,3,6,12,4,24,PM2.5,Good
10/12/2021,19:00:00,13,24,3,6,12,4,24,PM2.5,Good
10/12/2021,20:00:00,13,24,3,6,12,4,24,PM2.5,Good
10/12/2021,21:00:00,13,24,3,6,12,3,24,PM2.5,Good
10/12/2021,22:00:00,13,24,3,6,12,3,24,PM2.5,Good
10/12/2021,23:00:00,13,24,3,6,13,3,24,PM2.5,Good
10/13/2021,00:00:00,13,24,3,6,13,3,24,PM2.5,Good
10/13/2021,01:00:00,12,23,3,6,13,3,23,PM2.5,Good
10/13/2021,02:00:00,12,23,3,6,14,3,23,PM2.5,Good
10/13/2021,03:00:00,11,21,3,5,15,3,21,PM2.5,Good
10/13/2021,04:00:00,11,21,3,5,15,4,21,PM2.5,Good
10/13/2021,05:00:00,11,20,3,5,15,4,20,PM2.5,Good
10/13/2021,06:00:00,10,20,3,5,15,4,20,PM2.5,Good
10/13/2021,07:00:00,10,19,3,5,15,4,19,PM2.5,Good
10/13/2021,08:00:00,10,19,3,5,16,4,19,PM2.5,Good
10/13/2021,09:00:00,10,19,3,5,16,3,19,PM2.5,Good
10/13/2021,10:00:00,10,19,4,5,17,3,19,PM2.5,Good
10/13/2021,11:00:00,10,18,4,5,18,3,18,PM2.5,Good
10/13/2021,12:00:00,10,18,4,5,20,3,20,O3,Good
10/13/2021,13:00:00,10,18,5,5,21,3,21,O3,Good
10/13/2021,14:00:00,9,18,5,5,23,3,23,O3,Good
10/13/2021,15:00:00,9,18,5,5,23,4,23,O3,Good
10/13/2021,16:00:00,9,18,5,5,23,4,23,O3,Good
10/13/2021,17:00:00,9,18,5,5,23,4,23,O3,Good
10/13/2021,18:00:00,9,17,5,5,23,4,23,O3,Good
10/13/2021,19:00:00,9,17,5,5,23,4,23,O3,Good
10/13/2021,20:00:00,9,17,5,5,23,4,23,O3,Good
10/13/2021,21:00:00,9,17,5,5,23,4,23,O3,Good
10/13/2021,22:00:00,9,17,5,5,23,4,23,O3,Good
10/13/2021,23:00:00,9,17,5,5,22,4,22,O3,Good
10/14/2021,00:00:00,9,16,5,5,21,4,21,O3,Good
10/14/2021,01:00:00,9,16,5,5,21,4,21,O3,Good
10/14/2021,02:00:00,9,17,5,5,19,4,19,O3,Good
10/14/2021,03:00:00,9,17,5,5,18,4,18,O3,Good
10/14/2021,04:00:00,9,18,4,5,16,4,18,PM2.5,Good
10/14/2021,05:00:00,9,18,4,5,15,4,18,PM2.5,Good
10/14/2021,06:00:00,9,18,4,5,14,4,18,PM2.5,Good
10/14/2021,07:00:00,9,18,3,5,13,4,18,PM2.5,Good
10/14/2021,08:00:00,10,18,3,5,12,4,18,PM2.5,Good
10/14/2021,09:00:00,10,19,2,5,12,4,19,PM2.5,Good
10/14/2021,10:00:00,10,19,2,5,11,4,19,PM2.5,Good
10/14/2021,11:00:00,10,20,2,5,11,4,20,PM2.5,Good
10/14/2021,12:00:00,10,20,2,5,11,4,20,PM2.5,Good
10/14/2021,13:00:00,10,20,1,5,10,4,20,PM2.5,Good
10/14/2021,14:00:00,11,20,1,5,10,4,20,PM2.5,Good
10/14/2021,15:00:00,11,20,1,5,11,4,20,PM2.5,Good
10/14/2021,16:00:00,11,20,1,5,12,4,20,PM2.5,Good
10/14/2021,17:00:00,11,21,1,5,12,4,21,PM2.5,Good
10/14/2021,18:00:00,11,22,2,6,14,4,22,PM2.5,Good
10/14/2021,19:00:00,11,22,2,6,16,4,22,PM2.5,Good
10/14/2021,20:00:00,12,22,2,6,18,4,22,PM2.5,Good
10/14/2021,21:00:00,12,23,3,6,21,4,23,PM2.5,Good
10/14/2021,22:00:00,12,23,3,6,23,4,23,PM2.5,Good
10/14/2021,23:00:00,12,23,4,6,26,4,26,O3,Good
10/15/2021,00:00:00,12,24,5,6,28,4,28,O3,Good
10/15/2021,01:00:00,13,24,5,6,31,4,31,O3,Good
10/15/2021,02:00:00,12,23,6,6,33,4,33,O3,Good
10/15/2021,03:00:00,12,23,7,6,36,4,36,O3,Good
10/15/2021,04:00:00,12,23,8,6,38,4,38,O3,Good
10/15/2021,05:00:00,12,23,9,6,40,5,40,O3,Good
10/15/2021,06:00:00,13,24,10,7,41,5,41,O3,Good
10/15/2021,07:00:00,13,24,12,7,44,5,44,O3,Good
10/15/2021,08:00:00,13,25,13,7,45,5,45,O3,Good
10/15/2021,09:00:00,13,25,13,7,47,5,47,O3,Good
10/15/2021,10:00:00,13,25,13,7,46,5,46,O3,Good
10/15/2021,11:00:00,13,25,13,7,44,5,44,O3,Good
10/15/2021,12:00:00,14,26,13,8,43,5,43,O3,Good
10/15/2021,13:00:00,14,27,13,8,42,5,42,O3,Good
10/15/2021,14:00:00,15,28,12,8,41,5,41,O3,Good
10/15/2021,15:00:00,15,28,12,8,40,5,40,O3,Good
10/15/2021,16:00:00,15,28,12,8,39,5,39,O3,Good
10/15/2021,17:00:00,15,28,12,8,38,5,38,O3,Good
10/15/2021,18:00:00,15,28,12,8,36,5,36,O3,Good
10/15/2021,19:00:00,15,28,12,8,35,5,35,O3,Good
10/15/2021,20:00:00,15,28,11,8,33,5,33,O3,Good
10/15/2021,21:00:00,15,28,11,8,31,5,31,O3,Good
10/15/2021,22:00:00,15,28,10,8,29,5,29,O3,Good
10/15/2021,23:00:00,15,28,10,8,27,5,28,PM2.5,Good
10/16/2021,00:00:00,15,28,9,8,25,5,28,PM2.5,Good
10/16/2021,01:00:00,15,29,8,8,24,5,29,PM2.5,Good
10/16/2021,02:00:00,15,29,8,8,22,4,29,PM2.5,Good
10/16/2021,03:00:00,15,29,7,8,21,4,29,PM2.5,Good
10/16/2021,04:00:00,15,28,7,8,20,4,28,PM2.5,Good
10/16/2021,05:00:00,15,28,6,8,20,4,28,PM2.5,Good
10/16/2021,06:00:00,15,28,5,8,20,4,28,PM2.5,Good
10/16/2021,07:00:00,15,27,4,8,18,4,27,PM2.5,Good
10/16/2021,08:00:00,14,27,4,7,17,4,27,PM2.5,Good
10/16/2021,09:00:00,14,27,4,8,17,4,27,PM2.5,Good
10/16/2021,10:00:00,14,27,4,7,18,4,27,PM2.5,Good
10/16/2021,11:00:00,14,27,4,7,19,4,27,PM2.5,Good
10/16/2021,12:00:00,14,26,5,7,21,4,26,PM2.5,Good
10/16/2021,13:00:00,14,26,5,7,22,4,26,PM2.5,Good
10/16/2021,14:00:00,13,25,5,7,24,4,25,PM2.5,Good
10/16/2021,15:00:00,13,25,6,7,25,4,25,PM2.5,Good
10/16/2021,16:00:00,13,25,6,7,26,4,26,O3,Good
10/16/2021,17:00:00,13,25,6,7,28,4,28,O3,Good
10/16/2021,18:00:00,13,25,7,7,29,4,29,O3,Good
10/16/2021,19:00:00,13,25,8,7,32,4,32,O3,Good
10/16/2021,20:00:00,13,25,9,7,34,4,34,O3,Good
10/16/2021,21:00:00,13,25,10,7,37,4,37,O3,Good
10/16/2021,22:00:00,13,25,10,8,39,4,39,O3,Good
10/16/2021,23:00:00,13,25,11,8,41,4,41,O3,Good
10/17/2021,00:00:00,14,25,12,9,43,5,43,O3,Good
10/17/2021,01:00:00,14,26,13,9,45,5,45,O3,Good
10/17/2021,02:00:00,14,27,14,9,48,5,48,O3,Good
10/17/2021,03:00:00,15,28,15,10,49,5,49,O3,Good
10/17/2021,04:00:00,15,28,16,10,50,5,50,O3,Good
10/17/2021,05:00:00,15,29,16,10,52,5,52,O3,Moderate
10/17/2021,06:00:00,16,29,17,10,53,5,53,O3,Moderate
10/17/2021,07:00:00,16,29,16,10,53,5,53,O3,Moderate
10/17/2021,08:00:00,16,30,17,9,54,5,54,O3,Moderate
10/17/2021,09:00:00,16,29,17,9,55,5,55,O3,Moderate
10/17/2021,10:00:00,16,29,18,9,56,5,56,O3,Moderate
10/17/2021,11:00:00,16,29,18,9,57,5,57,O3,Moderate
10/17/2021,12:00:00,17,30,19,9,58,5,58,O3,Moderate
10/17/2021,13:00:00,17,30,19,9,59,5,59,O3,Moderate
10/17/2021,14:00:00,17,31,19,9,60,5,60,O3,Moderate
10/17/2021,15:00:00,17,31,20,9,60,6,60,O3,Moderate
10/17/2021,16:00:00,17,31,20,9,60,6,60,O3,Moderate
10/17/2021,17:00:00,17,30,20,9,61,6,61,O3,Moderate
10/17/2021,18:00:00,17,30,20,9,61,6,61,O3,Moderate
10/17/2021,19:00:00,17,30,20,8,61,6,61,O3,Moderate
10/17/2021,20:00:00,17,31,20,8,61,6,61,O3,Moderate
10/17/2021,21:00:00,17,31,20,8,60,6,60,O3,Moderate
10/17/2021,22:00:00,17,32,20,7,61,6,61,O3,Moderate
10/17/2021,23:00:00,18,32,21,7,61,6,61,O3,Moderate
10/18/2021,00:00:00,18,32,21,7,61,6,61,O3,Moderate
10/18/2021,01:00:00,18,32,20,6,60,5,60,O3,Moderate
10/18/2021,02:00:00,18,32,20,6,59,5,59,O3,Moderate
10/18/2021,03:00:00,18,32,21,6,58,5,58,O3,Moderate
10/18/2021,04:00:00,18,33,21,6,58,5,58,O3,Moderate
10/18/2021,05:00:00,19,34,21,7,57,5,57,O3,Moderate
10/18/2021,06:00:00,20,35,21,7,58,5,58,O3,Moderate
10/18/2021,07:00:00,21,36,22,7,60,5,60,O3,Moderate
10/18/2021,08:00:00,21,37,22,7,61,5,61,O3,Moderate
10/18/2021,09:00:00,22,39,23,8,62,6,62,O3,Moderate
10/18/2021,10:00:00,23,41,22,8,62,6,62,O3,Moderate
10/18/2021,11:00:00,23,40,22,8,61,6,61,O3,Moderate
10/18/2021,12:00:00,22,39,22,8,61,6,61,O3,Moderate
10/18/2021,13:00:00,22,38,21,9,60,6,60,O3,Moderate
10/18/2021,14:00:00,22,38,21,9,59,6,59,O3,Moderate
10/18/2021,15:00:00,22,39,20,9,59,6,59,O3,Moderate
10/18/2021,16:00:00,22,39,20,9,59,6,59,O3,Moderate
10/18/2021,17:00:00,23,40,20,9,58,6,58,O3,Moderate
10/18/2021,18:00:00,22,39,20,10,59,6,59,O3,Moderate
10/18/2021,19:00:00,22,39,20,10,59,7,59,O3,Moderate
10/18/2021,20:00:00,22,38,20,10,58,7,58,O3,Moderate
10/18/2021,21:00:00,21,37,20,10,,7,37,PM2.5,Good
10/18/2021,22:00:00,21,36,20,10,,7,36,PM2.5,Good
10/18/2021,23:00:00,20,35,20,10,,7,35,PM2.5,Good
10/19/2021,00:00:00,20,34,21,10,,7,34,PM2.5,Good
10/19/2021,01:00:00,20,34,21,10,,7,34,PM2.5,Good
10/19/2021,02:00:00,19,33,20,11,,7,33,PM2.5,Good
10/19/2021,03:00:00,19,33,20,11,,7,33,PM2.5,Good
10/19/2021,04:00:00,19,32,19,11,,7,32,PM2.5,Good
10/19/2021,05:00:00,19,32,19,11,,7,32,PM2.5,Good
10/19/2021,06:00:00,18,31,19,12,,7,31,PM2.5,Good
10/19/2021,07:00:00,18,31,18,13,,7,31,PM2.5,Good
10/19/2021,08:00:00,19,32,17,14,,7,32,PM2.5,Good
10/19/2021,09:00:00,19,32,16,14,,7,32,PM2.5,Good
10/19/2021,10:00:00,18,31,16,14,,7,31,PM2.5,Good
10/19/2021,11:00:00,19,33,15,14,,7,33,PM2.5,Good
10/19/2021,12:00:00,20,34,15,14,,7,34,PM2.5,Good
10/19/2021,13:00:00,20,34,14,14,,7,34,PM2.5,Good
10/19/2021,14:00:00,20,34,14,14,,7,34,PM2.5,Good
10/19/2021,15:00:00,20,33,14,14,,7,33,PM2.5,Good
10/19/2021,16:00:00,20,33,14,14,,6,33,PM2.5,Good
10/19/2021,17:00:00,19,32,14,14,,6,32,PM2.5,Good
10/19/2021,18:00:00,20,33,13,13,,6,33,PM2.5,Good
10/19/2021,19:00:00,20,33,12,13,,6,33,PM2.5,Good
10/19/2021,20:00:00,21,34,11,13,19,6,34,PM2.5,Good
10/19/2021,21:00:00,21,35,10,13,18,6,35,PM2.5,Good
10/19/2021,22:00:00,21,36,9,13,18,6,36,PM2.5,Good
10/19/2021,23:00:00,22,36,8,13,18,5,36,PM2.5,Good
10/20/2021,00:00:00,22,36,6,13,17,5,36,PM2.5,Good
10/20/2021,01:00:00,22,37,5,13,17,5,37,PM2.5,Good
10/20/2021,02:00:00,22,37,4,13,15,5,37,PM2.5,Good
10/20/2021,03:00:00,22,37,4,12,13,5,37,PM2.5,Good
10/20/2021,04:00:00,22,37,3,12,11,5,37,PM2.5,Good
10/20/2021,05:00:00,22,37,2,12,9,5,37,PM2.5,Good
10/20/2021,06:00:00,22,37,1,11,8,5,37,PM2.5,Good
10/20/2021,07:00:00,21,36,1,10,7,5,36,PM2.5,Good
10/20/2021,08:00:00,20,34,0,9,6,5,34,PM2.5,Good
10/20/2021,09:00:00,19,32,0,8,4,5,32,PM2.5,Good
10/20/2021,10:00:00,18,31,0,8,4,4,31,PM2.5,Good
10/20/2021,11:00:00,18,30,0,8,4,4,30,PM2.5,Good
10/20/2021,12:00:00,17,30,0,8,4,4,30,PM2.5,Good
10/20/2021,13:00:00,17,30,0,8,4,4,30,PM2.5,Good
10/20/2021,14:00:00,17,29,0,8,4,4,29,PM2.5,Good
10/20/2021,15:00:00,17,29,0,8,4,4,29,PM2.5,Good
10/20/2021,16:00:00,17,30,0,8,4,4,30,PM2.5,Good
10/20/2021,17:00:00,17,30,0,7,4,4,30,PM2.5,Good
10/20/2021,18:00:00,17,29,0,7,4,4,29,PM2.5,Good
10/20/2021,19:00:00,17,29,0,7,4,4,29,PM2.5,Good
10/20/2021,20:00:00,17,29,0,7,4,4,29,PM2.5,Good
10/20/2021,21:00:00,17,29,0,7,4,4,29,PM2.5,Good
10/20/2021,22:00:00,17,29,0,7,4,4,29,PM2.5,Good
10/20/2021,23:00:00,16,28,0,7,3,4,28,PM2.5,Good
10/21/2021,00:00:00,16,28,0,7,3,4,28,PM2.5,Good
10/21/2021,01:00:00,15,27,0,6,3,4,27,PM2.5,Good
10/21/2021,02:00:00,15,26,0,6,2,4,26,PM2.5,Good
10/21/2021,03:00:00,15,26,0,6,2,4,26,PM2.5,Good
10/21/2021,04:00:00,15,26,0,7,2,4,26,PM2.5,Good
10/21/2021,05:00:00,15,26,0,7,2,4,26,PM2.5,Good
10/21/2021,06:00:00,15,26,0,7,2,4,26,PM2.5,Good
10/21/2021,07:00:00,14,26,0,7,2,4,26,PM2.5,Good
10/21/2021,08:00:00,14,25,0,7,2,4,25,PM2.5,Good
10/21/2021,09:00:00,14,25,0,8,2,4,25,PM2.5,Good
10/21/2021,10:00:00,14,25,0,8,2,5,25,PM2.5,Good
10/21/2021,11:00:00,14,24,0,8,2,5,24,PM2.5,Good
10/21/2021,12:00:00,14,24,0,8,2,5,24,PM2.5,Good
10/21/2021,13:00:00,13,24,0,8,3,5,24,PM2.5,Good
10/21/2021,14:00:00,13,24,0,8,3,5,24,PM2.5,Good
10/21/2021,15:00:00,13,24,0,8,2,5,24,PM2.5,Good
10/21/2021,16:00:00,13,23,0,8,2,5,23,PM2.5,Good
10/21/2021,17:00:00,13,23,0,8,2,5,23,PM2.5,Good
10/21/2021,18:00:00,13,23,0,8,2,5,23,PM2.5,Good
10/21/2021,19:00:00,13,23,0,8,2,5,23,PM2.5,Good
10/21/2021,20:00:00,12,23,0,8,2,5,23,PM2.5,Good
10/21/2021,21:00:00,12,22,0,8,2,4,22,PM2.5,Good
10/21/2021,22:00:00,12,22,0,8,1,4,22,PM2.5,Good
10/21/2021,23:00:00,12,22,0,8,1,4,22,PM2.5,Good
10/22/2021,00:00:00,12,22,0,7,1,4,22,PM2.5,Good
10/22/2021,01:00:00,12,23,0,7,1,4,23,PM2.5,Good
10/22/2021,02:00:00,12,22,0,7,1,4,22,PM2.5,Good
10/22/2021,03:00:00,12,22,0,7,1,4,22,PM2.5,Good
10/22/2021,04:00:00,12,22,0,6,1,3,22,PM2.5,Good
10/22/2021,05:00:00,11,21,0,6,0,3,21,PM2.5,Good
10/22/2021,06:00:00,11,21,0,6,0,3,21,PM2.5,Good
10/22/2021,07:00:00,11,20,0,6,0,3,20,PM2.5,Good
10/22/2021,08:00:00,11,20,0,6,0,3,20,PM2.5,Good
10/22/2021,09:00:00,11,20,0,6,0,3,20,PM2.5,Good
10/22/2021,10:00:00,11,20,0,6,0,3,20,PM2.5,Good
10/22/2021,11:00:00,10,20,0,6,0,3,20,PM2.5,Good
10/22/2021,12:00:00,10,20,0,6,0,3,20,PM2.5,Good
10/22/2021,13:00:00,10,20,0,6,0,3,20,PM2.5,Good
10/22/2021,14:00:00,10,20,0,6,0,2,20,PM2.5,Good
10/22/2021,15:00:00,10,20,0,6,0,2,20,PM2.5,Good
10/22/2021,16:00:00,10,20,0,6,0,2,20,PM2.5,Good
10/22/2021,17:00:00,10,19,0,6,0,2,19,PM2.5,Good
10/22/2021,18:00:00,10,19,0,5,0,2,19,PM2.5,Good
10/22/2021,19:00:00,10,19,0,6,0,3,19,PM2.5,Good
10/22/2021,20:00:00,10,19,0,6,0,3,19,PM2.5,Good
10/22/2021,21:00:00,10,19,0,6,0,3,19,PM2.5,Good
10/22/2021,22:00:00,10,19,0,5,0,3,19,PM2.5,Good
10/22/2021,23:00:00,10,18,0,5,0,3,18,PM2.5,Good
10/23/2021,00:00:00,10,18,0,6,0,3,18,PM2.5,Good
10/23/2021,01:00:00,9,18,0,6,1,4,18,PM2.5,Good
10/23/2021,02:00:00,9,17,0,6,2,4,17,PM2.5,Good
10/23/2021,03:00:00,9,17,0,7,3,4,17,PM2.5,Good
10/23/2021,04:00:00,9,17,0,7,3,4,17,PM2.5,Good
10/23/2021,05:00:00,10,18,0,7,3,5,18,PM2.5,Good
10/23/2021,06:00:00,10,18,0,7,3,5,18,PM2.5,Good
10/23/2021,07:00:00,10,18,0,6,3,5,18,PM2.5,Good
10/23/2021,08:00:00,10,18,0,6,3,5,18,PM2.5,Good
10/23/2021,09:00:00,10,18,0,6,3,4,18,PM2.5,Good
10/23/2021,10:00:00,10,18,0,6,3,4,18,PM2.5,Good
10/23/2021,11:00:00,10,18,0,6,3,4,18,PM2.5,Good
10/23/2021,12:00:00,10,18,0,6,3,4,18,PM2.5,Good
10/23/2021,13:00:00,11,19,0,6,3,4,19,PM2.5,Good
10/23/2021,14:00:00,11,19,0,6,3,5,19,PM2.5,Good
10/23/2021,15:00:00,11,20,0,6,3,5,20,PM2.5,Good
10/23/2021,16:00:00,11,20,0,6,3,5,20,PM2.5,Good
10/23/2021,17:00:00,11,20,0,7,3,5,20,PM2.5,Good
10/23/2021,18:00:00,11,20,0,7,3,5,20,PM2.5,Good
10/23/2021,19:00:00,11,20,0,7,3,5,20,PM2.5,Good
10/23/2021,20:00:00,12,20,0,7,3,5,20,PM2.5,Good
10/23/2021,21:00:00,12,21,0,7,4,5,21,PM2.5,Good
10/23/2021,22:00:00,12,21,0,7,4,5,21,PM2.5,Good
10/23/2021,23:00:00,12,21,0,7,4,5,21,PM2.5,Good
10/24/2021,00:00:00,12,21,0,7,4,5,21,PM2.5,Good
10/24/2021,01:00:00,12,21,0,7,3,5,21,PM2.5,Good
10/24/2021,02:00:00,12,21,0,6,3,4,21,PM2.5,Good
10/24/2021,03:00:00,12,21,0,6,3,4,21,PM2.5,Good
10/24/2021,04:00:00,12,21,0,6,3,4,21,PM2.5,Good
10/24/2021,05:00:00,12,21,0,6,3,4,21,PM2.5,Good
10/24/2021,06:00:00,11,21,0,6,4,4,21,PM2.5,Good
10/24/2021,07:00:00,11,21,0,6,4,4,21,PM2.5,Good
10/24/2021,08:00:00,11,20,0,6,4,4,20,PM2.5,Good
10/24/2021,09:00:00,11,20,0,5,4,5,20,PM2.5,Good
10/24/2021,10:00:00,11,20,0,5,4,5,20,PM2.5,Good
10/24/2021,11:00:00,11,20,0,5,4,5,20,PM2.5,Good
10/24/2021,12:00:00,11,20,0,5,4,5,20,PM2.5,Good
10/24/2021,13:00:00,11,20,0,5,4,5,20,PM2.5,Good
10/24/2021,14:00:00,11,20,0,5,4,5,20,PM2.5,Good
10/24/2021,15:00:00,11,20,0,5,4,5,20,PM2.5,Good
10/24/2021,16:00:00,11,20,0,5,4,5,20,PM2.5,Good
10/24/2021,17:00:00,11,20,0,5,4,5,20,PM2.5,Good
10/24/2021,18:00:00,11,20,0,5,4,5,20,PM2.5,Good
10/24/2021,19:00:00,11,20,0,5,4,5,20,PM2.5,Good
10/24/2021,20:00:00,11,19,0,5,5,5,19,PM2.5,Good
10/24/2021,21:00:00,11,19,0,4,5,5,19,PM2.5,Good
10/24/2021,22:00:00,11,19,0,5,6,5,19,PM2.5,Good
10/24/2021,23:00:00,11,19,0,5,6,5,19,PM2.5,Good
10/25/2021,00:00:00,11,19,0,5,6,5,19,PM2.5,Good
10/25/2021,01:00:00,11,19,0,5,6,5,19,PM2.5,Good
10/25/2021,02:00:00,11,20,0,5,6,5,20,PM2.5,Good
10/25/2021,03:00:00,11,20,0,5,6,6,20,PM2.5,Good
10/25/2021,04:00:00,11,20,0,5,6,6,20,PM2.5,Good
10/25/2021,05:00:00,11,20,0,5,6,6,20,PM2.5,Good
10/25/2021,06:00:00,11,20,0,5,5,5,20,PM2.5,Good
10/25/2021,07:00:00,12,21,0,6,5,5,21,PM2.5,Good
10/25/2021,08:00:00,12,21,0,6,5,5,21,PM2.5,Good
10/25/2021,09:00:00,12,22,0,6,5,6,22,PM2.5,Good
10/25/2021,10:00:00,12,22,0,7,5,6,22,PM2.5,Good
10/25/2021,11:00:00,12,22,0,7,5,6,22,PM2.5,Good
10/25/2021,12:00:00,12,22,0,7,5,6,22,PM2.5,Good
10/25/2021,13:00:00,12,22,0,7,5,6,22,PM2.5,Good
10/25/2021,14:00:00,12,22,0,7,5,6,22,PM2.5,Good
10/25/2021,15:00:00,12,22,0,7,5,5,22,PM2.5,Good
10/25/2021,16:00:00,12,22,0,7,5,5,22,PM2.5,Good
10/25/2021,17:00:00,12,22,0,8,5,5,22,PM2.5,Good
10/25/2021,18:00:00,12,22,0,8,5,5,22,PM2.5,Good
10/25/2021,19:00:00,12,22,0,8,5,5,22,PM2.5,Good
10/25/2021,20:00:00,12,22,0,8,4,5,22,PM2.5,Good
10/25/2021,21:00:00,12,23,0,8,4,5,23,PM2.5,Good
10/25/2021,22:00:00,12,23,0,8,3,5,23,PM2.5,Good
10/25/2021,23:00:00,12,23,0,8,2,5,23,PM2.5,Good
10/26/2021,00:00:00,12,23,0,8,2,5,23,PM2.5,Good
10/26/2021,01:00:00,12,23,0,8,2,5,23,PM2.5,Good
10/26/2021,02:00:00,12,23,0,8,2,4,23,PM2.5,Good
10/26/2021,03:00:00,12,23,0,8,1,4,23,PM2.5,Good
10/26/2021,04:00:00,13,23,0,8,1,4,23,PM2.5,Good
10/26/2021,05:00:00,12,23,0,8,0,4,23,PM2.5,Good
10/26/2021,06:00:00,12,23,0,8,0,4,23,PM2.5,Good
10/26/2021,07:00:00,12,23,0,8,0,4,23,PM2.5,Good
10/26/2021,08:00:00,12,23,0,8,0,4,23,PM2.5,Good
10/26/2021,09:00:00,12,23,0,7,0,4,23,PM2.5,Good
10/26/2021,10:00:00,12,23,0,7,0,4,23,PM2.5,Good
10/26/2021,11:00:00,12,23,0,7,0,4,23,PM2.5,Good
10/26/2021,12:00:00,12,23,0,7,0,4,23,PM2.5,Good
10/26/2021,13:00:00,13,23,0,7,0,4,23,PM2.5,Good
10/26/2021,14:00:00,13,24,0,7,0,4,24,PM2.5,Good
10/26/2021,15:00:00,13,24,0,7,0,4,24,PM2.5,Good
10/26/2021,16:00:00,13,24,0,7,0,4,24,PM2.5,Good
10/26/2021,17:00:00,13,24,0,7,0,4,24,PM2.5,Good
10/26/2021,18:00:00,13,24,0,7,0,4,24,PM2.5,Good
10/26/2021,19:00:00,13,24,0,7,0,4,24,PM2.5,Good
10/26/2021,20:00:00,13,24,0,7,0,4,24,PM2.5,Good
10/26/2021,21:00:00,13,24,0,7,0,4,24,PM2.5,Good
10/26/2021,22:00:00,13,24,0,7,0,4,24,PM2.5,Good
10/26/2021,23:00:00,14,24,0,7,0,4,24,PM2.5,Good
10/27/2021,00:00:00,14,25,0,7,0,4,25,PM2.5,Good
10/27/2021,01:00:00,14,24,0,7,0,4,24,PM2.5,Good
10/27/2021,02:00:00,14,25,0,7,0,4,25,PM2.5,Good
10/27/2021,03:00:00,14,25,0,7,0,4,25,PM2.5,Good
10/27/2021,04:00:00,14,24,0,7,0,4,24,PM2.5,Good
10/27/2021,05:00:00,14,24,0,8,0,4,24,PM2.5,Good
10/27/2021,06:00:00,14,24,0,8,0,4,24,PM2.5,Good
10/27/2021,07:00:00,14,24,0,8,0,4,24,PM2.5,Good
10/27/2021,08:00:00,13,23,0,8,0,4,23,PM2.5,Good
10/27/2021,09:00:00,13,23,0,8,0,4,23,PM2.5,Good
10/27/2021,10:00:00,13,22,0,9,0,4,22,PM2.5,Good
10/27/2021,11:00:00,12,22,0,9,0,4,22,PM2.5,Good
10/27/2021,12:00:00,12,22,0,9,0,4,22,PM2.5,Good
10/27/2021,13:00:00,12,21,0,9,0,4,21,PM2.5,Good
10/27/2021,14:00:00,12,21,0,9,0,3,21,PM2.5,Good
10/27/2021,15:00:00,12,21,0,9,0,3,21,PM2.5,Good
10/27/2021,16:00:00,12,21,0,9,0,4,21,PM2.5,Good
10/27/2021,17:00:00,11,20,0,10,0,4,20,PM2.5,Good
10/27/2021,18:00:00,11,20,0,11,1,4,20,PM2.5,Good
10/27/2021,19:00:00,11,19,0,11,1,4,19,PM2.5,Good
10/27/2021,20:00:00,11,19,0,12,1,4,19,PM2.5,Good
10/27/2021,21:00:00,11,19,0,12,2,5,19,PM2.5,Good
10/27/2021,22:00:00,11,19,0,12,3,5,19,PM2.5,Good
10/27/2021,23:00:00,11,19,0,13,3,5,19,PM2.5,Good
10/28/2021,00:00:00,11,20,0,13,4,5,20,PM2.5,Good
10/28/2021,01:00:00,11,20,0,14,6,6,20,PM2.5,Good
10/28/2021,02:00:00,11,20,0,14,7,6,20,PM2.5,Good
10/28/2021,03:00:00,11,20,0,14,8,6,20,PM2.5,Good
10/28/2021,04:00:00,12,21,0,14,8,6,21,PM2.5,Good
10/28/2021,05:00:00,12,21,0,14,9,6,21,PM2.5,Good
10/28/2021,06:00:00,12,22,0,15,10,6,22,PM2.5,Good
10/28/2021,07:00:00,13,22,0,15,10,6,22,PM2.5,Good
10/28/2021,08:00:00,13,23,0,15,10,6,23,PM2.5,Good
10/28/2021,09:00:00,13,24,0,15,10,6,24,PM2.5,Good
10/28/2021,10:00:00,14,24,0,15,10,7,24,PM2.5,Good
10/28/2021,11:00:00,14,24,0,15,10,7,24,PM2.5,Good
10/28/2021,12:00:00,14,24,0,15,10,7,24,PM2.5,Good
10/28/2021,13:00:00,14,24,0,15,10,7,24,PM2.5,Good
10/28/2021,14:00:00,14,24,0,15,10,7,24,PM2.5,Good
10/28/2021,15:00:00,14,23,0,15,10,7,23,PM2.5,Good
10/28/2021,16:00:00,14,23,0,15,10,7,23,PM2.5,Good
10/28/2021,17:00:00,14,23,0,15,10,7,23,PM2.5,Good
10/28/2021,18:00:00,14,24,0,15,10,7,24,PM2.5,Good
10/28/2021,19:00:00,14,24,0,15,10,7,24,PM2.5,Good
10/28/2021,20:00:00,14,25,0,14,9,6,25,PM2.5,Good
10/28/2021,21:00:00,14,25,0,14,9,6,25,PM2.5,Good
10/28/2021,22:00:00,14,25,0,14,8,6,25,PM2.5,Good
10/28/2021,23:00:00,14,25,0,14,7,6,25,PM2.5,Good
10/29/2021,00:00:00,14,25,0,13,6,6,25,PM2.5,Good
10/29/2021,01:00:00,14,25,0,13,5,6,25,PM2.5,Good
10/29/2021,02:00:00,14,24,0,13,4,5,24,PM2.5,Good
10/29/2021,03:00:00,14,24,0,13,3,5,24,PM2.5,Good
10/29/2021,04:00:00,14,24,0,12,2,5,24,PM2.5,Good
10/29/2021,05:00:00,13,23,0,12,1,5,23,PM2.5,Good
10/29/2021,06:00:00,13,23,0,12,1,5,23,PM2.5,Good
10/29/2021,07:00:00,13,22,0,11,1,5,22,PM2.5,Good
10/29/2021,08:00:00,13,22,0,11,0,5,22,PM2.5,Good
10/29/2021,09:00:00,13,22,0,11,0,5,22,PM2.5,Good
10/29/2021,10:00:00,13,22,0,11,0,4,22,PM2.5,Good
10/29/2021,11:00:00,13,22,0,11,0,4,22,PM2.5,Good
10/29/2021,12:00:00,13,23,0,12,0,4,23,PM2.5,Good
10/29/2021,13:00:00,13,23,0,12,0,4,23,PM2.5,Good
10/29/2021,14:00:00,13,23,0,12,0,3,23,PM2.5,Good
10/29/2021,15:00:00,13,24,0,12,0,3,24,PM2.5,Good
10/29/2021,16:00:00,14,24,0,12,0,3,24,PM2.5,Good
10/29/2021,17:00:00,14,25,0,13,0,3,25,PM2.5,Good
10/29/2021,18:00:00,14,25,0,13,0,3,25,PM2.5,Good
10/29/2021,19:00:00,14,25,0,13,0,2,25,PM2.5,Good
10/29/2021,20:00:00,14,25,0,13,0,2,25,PM2.5,Good
10/29/2021,21:00:00,14,25,0,13,0,2,25,PM2.5,Good
10/29/2021,22:00:00,14,26,0,13,0,1,26,PM2.5,Good
10/29/2021,23:00:00,14,26,0,13,0,1,26,PM2.5,Good
10/30/2021,00:00:00,14,26,0,13,0,1,26,PM2.5,Good
10/30/2021,01:00:00,15,26,0,14,0,1,26,PM2.5,Good
10/30/2021,02:00:00,15,27,0,14,0,1,27,PM2.5,Good
10/30/2021,03:00:00,15,27,0,15,0,1,27,PM2.5,Good
10/30/2021,04:00:00,15,28,0,15,0,0,28,PM2.5,Good
10/30/2021,05:00:00,16,29,0,16,0,0,29,PM2.5,Good
10/30/2021,06:00:00,16,29,0,16,0,0,29,PM2.5,Good
10/30/2021,07:00:00,16,29,0,16,0,0,29,PM2.5,Good
10/30/2021,08:00:00,16,29,0,16,0,0,29,PM2.5,Good
10/30/2021,09:00:00,16,29,0,16,0,0,29,PM2.5,Good
10/30/2021,10:00:00,16,29,0,16,0,0,29,PM2.5,Good
10/30/2021,11:00:00,16,29,0,16,0,0,29,PM2.5,Good
10/30/2021,12:00:00,16,29,0,16,0,0,29,PM2.5,Good
10/30/2021,13:00:00,16,29,0,16,0,0,29,PM2.5,Good
10/30/2021,14:00:00,16,29,0,16,0,0,29,PM2.5,Good
10/30/2021,15:00:00,16,29,0,16,0,0,29,PM2.5,Good
10/30/2021,16:00:00,16,29,0,16,0,0,29,PM2.5,Good
10/30/2021,17:00:00,16,29,0,16,0,0,29,PM2.5,Good
10/30/2021,18:00:00,16,29,0,16,0,0,29,PM2.5,Good
10/30/2021,19:00:00,16,29,0,16,0,0,29,PM2.5,Good
10/30/2021,20:00:00,16,29,0,16,0,0,29,PM2.5,Good
10/30/2021,21:00:00,16,29,0,16,0,0,29,PM2.5,Good
10/30/2021,22:00:00,16,29,0,16,0,0,29,PM2.5,Good
10/30/2021,23:00:00,16,29,0,16,0,0,29,PM2.5,Good
10/31/2021,00:00:00,16,29,0,16,0,0,29,PM2.5,Good
10/31/2021,01:00:00,16,29,0,16,0,0,29,PM2.5,Good
10/31/2021,02:00:00,16,29,0,16,0,0,29,PM2.5,Good
10/31/2021,03:00:00,16,29,0,16,0,0,29,PM2.5,Good
10/31/2021,04:00:00,16,29,0,16,0,0,29,PM2.5,Good
10/31/2021,05:00:00,16,29,0,16,0,0,29,PM2.5,Good
10/31/2021,06:00:00,16,29,0,16,0,0,29,PM2.5,Good
10/31/2021,07:00:00,16,29,0,16,0,0,29,PM2.5,Good
10/31/2021,08:00:00,16,29,0,16,0,0,29,PM2.5,Good
10/31/2021,09:00:00,16,29,0,16,0,0,29,PM2.5,Good
10/31/2021,10:00:00,16,29,0,16,0,0,29,PM2.5,Good
10/31/2021,11:00:00,16,29,0,16,0,0,29,PM2.5,Good
10/31/2021,12:00:00,16,29,0,16,0,0,29,PM2.5,Good
10/31/2021,13:00:00,16,29,0,16,0,0,29,PM2.5,Good
10/31/2021,14:00:00,16,29,0,16,0,0,29,PM2.5,Good
10/31/2021,15:00:00,16,29,0,16,0,0,29,PM2.5,Good
10/31/2021,16:00:00,16,29,0,16,0,0,29,PM2.5,Good
10/31/2021,17:00:00,16,29,0,16,0,0,29,PM2.5,Good
10/31/2021,18:00:00,16,29,0,16,0,0,29,PM2.5,Good
10/31/2021,19:00:00,16,29,0,16,0,0,29,PM2.5,Good
10/31/2021,20:00:00,16,29,0,16,0,0,29,PM2.5,Good
10/31/2021,21:00:00,16,29,0,16,0,0,29,PM2.5,Good
10/31/2021,22:00:00,16,29,0,16,0,0,29,PM2.5,Good
10/31/2021,23:00:00,16,29,0,16,0,0,29,PM2.5,Good